depot_id,hour,daily_required_energy_kwh,unmanaged_demand_kwh,charge_allowed,service_departures_system,service_intensity_index,operation_energy_kwh_proxy,service_validations_proxy,route_count_proxy,gtfs_matched_route_hour_rows,day_type,demand_method
PZ001,0,23478.0,2347.8,True,0,0.0011197857178050405,2.6433438130352718,11.363636363636363,16,16,weekday_proxy,operator_zone_route_validation_profile
PZ001,1,23478.0,2347.8,True,0,1.3437428613660489e-05,0.031720125756423266,0.13636363636363635,3,3,weekday_proxy,operator_zone_route_validation_profile
PZ001,2,23478.0,2113.02,True,0,1.7916571484880654e-05,0.042293501008564355,0.18181818181818182,1,1,weekday_proxy,operator_zone_route_validation_profile
PZ001,3,23478.0,1878.24,True,0,0.0037759174404385976,8.913355337554938,38.31818181818182,20,20,weekday_proxy,operator_zone_route_validation_profile
PZ001,4,23478.0,1643.4600000000003,True,0,0.21811634125693705,514.8810812782624,2213.4545454545455,40,40,weekday_proxy,operator_zone_route_validation_profile
PZ001,5,23478.0,939.12,True,0,0.7378895174619383,1741.8472656624706,7488.136363636364,40,40,weekday_proxy,operator_zone_route_validation_profile
PZ001,6,23478.0,0.0,False,0,1.0,2360.580038667263,10148.045454545454,40,40,weekday_proxy,operator_zone_route_validation_profile
PZ001,7,23478.0,0.0,False,0,0.8185140891439013,1932.1680202010102,8306.318181818182,40,40,weekday_proxy,operator_zone_route_validation_profile
PZ001,8,23478.0,0.0,False,0,0.5987942147390675,1413.5016705824814,6076.590909090909,40,40,weekday_proxy,operator_zone_route_validation_profile
PZ001,9,23478.0,0.0,False,0,0.4890641726799159,1154.475123655529,4963.045454545455,40,40,weekday_proxy,operator_zone_route_validation_profile
PZ001,10,23478.0,0.0,True,0,0.45451206457132354,1072.9121069605126,4612.409090909091,38,38,weekday_proxy,operator_zone_route_validation_profile
PZ001,11,23478.0,0.0,True,0,0.4683929283292349,1105.678996866898,4753.272727272727,38,38,weekday_proxy,operator_zone_route_validation_profile
PZ001,12,23478.0,0.0,True,0,0.507150951593903,1197.1704129236748,5146.590909090909,38,38,weekday_proxy,operator_zone_route_validation_profile
PZ001,13,23478.0,0.0,True,0,0.5027210792942662,1186.7133447993072,5101.636363636364,38,38,weekday_proxy,operator_zone_route_validation_profile
PZ001,14,23478.0,0.0,True,0,0.5036258661542526,1188.8491666002396,5110.818181818182,38,38,weekday_proxy,operator_zone_route_validation_profile
PZ001,15,23478.0,0.0,True,0,0.5107342658908791,1205.6291131253877,5182.954545454545,39,39,weekday_proxy,operator_zone_route_validation_profile
PZ001,16,23478.0,0.0,False,0,0.6792978495635075,1603.5369439892131,6893.545454545455,39,39,weekday_proxy,operator_zone_route_validation_profile
PZ001,17,23478.0,0.0,False,0,0.7836887533201646,1849.9600276156134,7952.909090909091,40,40,weekday_proxy,operator_zone_route_validation_profile
PZ001,18,23478.0,939.12,True,0,0.625660113680646,1476.9207753448236,6349.227272727273,40,40,weekday_proxy,operator_zone_route_validation_profile
PZ001,19,23478.0,1878.24,True,0,0.44722897826271957,1055.7197988005312,4538.5,40,40,weekday_proxy,operator_zone_route_validation_profile
PZ001,20,23478.0,2817.3599999999997,True,0,0.2782040428743555,656.7229102857351,2823.227272727273,40,40,weekday_proxy,operator_zone_route_validation_profile
PZ001,21,23478.0,3052.1400000000003,True,0,0.19197606346049617,453.174863306767,1948.1818181818182,40,40,weekday_proxy,operator_zone_route_validation_profile
PZ001,22,23478.0,2347.8,True,0,0.10874463062748312,256.70040437148134,1103.5454545454545,37,37,weekday_proxy,operator_zone_route_validation_profile
PZ001,23,23478.0,1173.9,True,0,0.016617620052226806,39.22722218544344,168.63636363636363,32,32,weekday_proxy,operator_zone_route_validation_profile
PZ006,0,3354.0,335.40000000000003,True,0,0.0026440603005879076,0.8406665194475597,63.04545454545455,28,26,weekday_proxy,operator_zone_route_validation_profile
PZ006,1,3354.0,335.40000000000003,True,0,5.147053216717629e-05,0.016364813284126974,1.2272727272727273,6,6,weekday_proxy,operator_zone_route_validation_profile
PZ006,2,3354.0,301.86,True,0,0.0002897600329411406,0.09212783774767778,6.909090909090909,4,3,weekday_proxy,operator_zone_route_validation_profile
PZ006,3,3354.0,268.32,True,0,0.024812609136591356,7.889052211340618,591.6363636363636,41,39,weekday_proxy,operator_zone_route_validation_profile
PZ006,4,3354.0,234.78000000000003,True,0,0.36496419938540375,116.03864826837442,8702.272727272728,58,54,weekday_proxy,operator_zone_route_validation_profile
PZ006,5,3354.0,134.16,True,0,0.8084724308579184,257.05000160832657,19277.363636363636,60,55,weekday_proxy,operator_zone_route_validation_profile
PZ006,6,3354.0,0.0,False,0,1.0,317.9452901511502,23844.18181818182,59,55,weekday_proxy,operator_zone_route_validation_profile
PZ006,7,3354.0,0.0,False,0,0.7754702881587274,246.55712577222263,18490.454545454544,60,55,weekday_proxy,operator_zone_route_validation_profile
PZ006,8,3354.0,0.0,False,0,0.5971268005154677,189.85365384691838,14238.0,59,55,weekday_proxy,operator_zone_route_validation_profile
PZ006,9,3354.0,0.0,False,0,0.5088510252167482,161.78678685624922,12133.136363636364,59,55,weekday_proxy,operator_zone_route_validation_profile
PZ006,10,3354.0,0.0,True,0,0.47900383550780445,152.2970134640427,11421.454545454546,59,55,weekday_proxy,operator_zone_route_validation_profile
PZ006,11,3354.0,0.0,True,0,0.5009074064189472,159.26115067273227,11943.727272727272,59,55,weekday_proxy,operator_zone_route_validation_profile
PZ006,12,3354.0,0.0,True,0,0.5536132313581358,176.0187194756783,13200.454545454546,60,55,weekday_proxy,operator_zone_route_validation_profile
PZ006,13,3354.0,0.0,True,0,0.5377374316585711,170.9710837338187,12821.90909090909,60,55,weekday_proxy,operator_zone_route_validation_profile
PZ006,14,3354.0,0.0,True,0,0.5613986259274227,178.49404901095144,13386.09090909091,60,55,weekday_proxy,operator_zone_route_validation_profile
PZ006,15,3354.0,0.0,True,0,0.564504014701509,179.48139274576044,13460.136363636364,60,55,weekday_proxy,operator_zone_route_validation_profile
PZ006,16,3354.0,0.0,False,0,0.6895373752316174,219.2351608380791,16441.454545454544,60,55,weekday_proxy,operator_zone_route_validation_profile
PZ006,17,3354.0,0.0,False,0,0.7870263757882616,250.231329406607,18766.0,60,55,weekday_proxy,operator_zone_route_validation_profile
PZ006,18,3354.0,134.16,True,0,0.6505913392251206,206.85245211975635,15512.818181818182,60,55,weekday_proxy,operator_zone_route_validation_profile
PZ006,19,3354.0,268.32,True,0,0.476901168952975,151.62848053617634,11371.318181818182,60,55,weekday_proxy,operator_zone_route_validation_profile
PZ006,20,3354.0,402.47999999999996,True,0,0.3110821774703949,98.9071131766763,7417.5,59,55,weekday_proxy,operator_zone_route_validation_profile
PZ006,21,3354.0,436.02000000000004,True,0,0.2075425299100981,65.98716989096991,4948.681818181818,59,55,weekday_proxy,operator_zone_route_validation_profile
PZ006,22,3354.0,335.40000000000003,True,0,0.12132938853007787,38.57610764005724,2893.0,59,55,weekday_proxy,operator_zone_route_validation_profile
PZ006,23,3354.0,167.70000000000002,True,0,0.02512715127761299,7.989059403632505,599.1363636363636,53,49,weekday_proxy,operator_zone_route_validation_profile
PZ039,0,27735.0,2773.5,True,0,0.0002503698645726641,1.006157286176942,1.0,6,0,weekday_proxy,operator_zone_route_validation_profile
PZ039,1,27735.0,2773.5,True,0,0.0,0.0,0.0,0,0,weekday_proxy,operator_zone_route_validation_profile
PZ039,2,27735.0,2496.15,True,0,0.0,0.0,0.0,0,0,weekday_proxy,operator_zone_route_validation_profile
PZ039,3,27735.0,2218.8,True,0,0.000637305109821327,2.561127637541307,2.5454545454545454,4,0,weekday_proxy,operator_zone_route_validation_profile
PZ039,4,27735.0,1941.4500000000003,True,0,0.15316945487652212,615.5395870297937,611.7727272727273,10,0,weekday_proxy,operator_zone_route_validation_profile
PZ039,5,27735.0,1109.4,True,0,0.7446568794810515,2992.54044120072,2974.2272727272725,10,0,weekday_proxy,operator_zone_route_validation_profile
PZ039,6,27735.0,0.0,False,0,1.0,4018.6836698349043,3994.090909090909,10,0,weekday_proxy,operator_zone_route_validation_profile
PZ039,7,27735.0,0.0,False,0,0.729145328325936,2930.204423879849,2912.2727272727275,10,0,weekday_proxy,operator_zone_route_validation_profile
PZ039,8,27735.0,0.0,False,0,0.4631956299078184,1861.4367138494417,1850.0454545454545,10,0,weekday_proxy,operator_zone_route_validation_profile
PZ039,9,27735.0,0.0,True,0,0.32454762717651076,1304.2542494179106,1296.2727272727273,10,0,weekday_proxy,operator_zone_route_validation_profile
PZ039,10,27735.0,0.0,True,0,0.26704222146352563,1073.1582145519064,1066.590909090909,10,0,weekday_proxy,operator_zone_route_validation_profile
PZ039,11,27735.0,0.0,True,0,0.25904176624559005,1041.0069158163433,1034.6363636363637,10,0,weekday_proxy,operator_zone_route_validation_profile
PZ039,12,27735.0,0.0,True,0,0.2900307272106521,1165.5417471917895,1158.409090909091,10,0,weekday_proxy,operator_zone_route_validation_profile
PZ039,13,27735.0,0.0,True,0,0.27458745874587454,1103.4801364035116,1096.7272727272727,10,0,weekday_proxy,operator_zone_route_validation_profile
PZ039,14,27735.0,0.0,True,0,0.26813474450893365,1077.548719073406,1070.9545454545455,10,0,weekday_proxy,operator_zone_route_validation_profile
PZ039,15,27735.0,0.0,True,0,0.27957209514054854,1123.5118132828527,1116.6363636363635,10,0,weekday_proxy,operator_zone_route_validation_profile
PZ039,16,27735.0,0.0,False,0,0.45165585524069646,1815.0620098411043,1803.9545454545455,10,0,weekday_proxy,operator_zone_route_validation_profile
PZ039,17,27735.0,0.0,False,0,0.5559462842836007,2234.1722539558996,2220.5,10,0,weekday_proxy,operator_zone_route_validation_profile
PZ039,18,27735.0,1109.4,True,0,0.3693979742801866,1484.4936069098799,1475.409090909091,10,0,weekday_proxy,operator_zone_route_validation_profile
PZ039,19,27735.0,2218.8,True,0,0.22682371685444405,911.5327668542104,905.9545454545455,10,0,weekday_proxy,operator_zone_route_validation_profile
PZ039,20,27735.0,3328.2,True,0,0.13995675429611926,562.4419229729106,559.0,10,0,weekday_proxy,operator_zone_route_validation_profile
PZ039,21,27735.0,3605.55,True,0,0.0728121087970866,292.60883258909433,290.8181818181818,10,0,weekday_proxy,operator_zone_route_validation_profile
PZ039,22,27735.0,2773.5,True,0,0.02822351200637305,113.42136680540074,112.72727272727272,9,0,weekday_proxy,operator_zone_route_validation_profile
PZ039,23,27735.0,1386.75,True,0,0.0026857858199613067,10.793323615352652,10.727272727272727,9,0,weekday_proxy,operator_zone_route_validation_profile
PZ040,0,28956.0,2895.6000000000004,True,0,0.005106738049354567,15.013855231023706,44.04545454545455,29,21,weekday_proxy,operator_zone_route_validation_profile
PZ040,1,28956.0,2895.6000000000004,True,0,0.002798873685028679,8.228713497895887,11.5,4,2,weekday_proxy,operator_zone_route_validation_profile
PZ040,2,28956.0,2606.04,True,0,0.0071695151755667725,21.07843830685456,32.36363636363636,7,3,weekday_proxy,operator_zone_route_validation_profile
PZ040,3,28956.0,2316.48,True,0,0.005672651995495641,16.6776472599987,464.04545454545456,42,32,weekday_proxy,operator_zone_route_validation_profile
PZ040,4,28956.0,2026.9200000000003,True,0,0.14536195679326905,427.36544430124053,8676.59090909091,63,53,weekday_proxy,operator_zone_route_validation_profile
PZ040,5,28956.0,1158.24,True,0,0.6434518237697757,1891.7540780143584,20461.636363636364,67,58,weekday_proxy,operator_zone_route_validation_profile
PZ040,6,28956.0,0.0,False,0,1.0,2940.00888354187,27567.0,67,58,weekday_proxy,operator_zone_route_validation_profile
PZ040,7,28956.0,0.0,False,0,0.8132224261375629,2390.8811571399074,22887.545454545456,67,58,weekday_proxy,operator_zone_route_validation_profile
PZ040,8,28956.0,0.0,False,0,0.5790497717502839,1702.411472958727,17406.5,67,58,weekday_proxy,operator_zone_route_validation_profile
PZ040,9,28956.0,0.0,False,0,0.4652859840580535,1367.9449265181981,14486.272727272726,67,58,weekday_proxy,operator_zone_route_validation_profile
PZ040,10,28956.0,0.0,True,0,0.42008152703420176,1235.0434212923874,13245.045454545454,66,57,weekday_proxy,operator_zone_route_validation_profile
PZ040,11,28956.0,0.0,True,0,0.42554594550211455,1251.1088601314414,13864.636363636364,65,56,weekday_proxy,operator_zone_route_validation_profile
PZ040,12,28956.0,0.0,True,0,0.4920927284484161,1446.7569931647006,15089.0,65,56,weekday_proxy,operator_zone_route_validation_profile
PZ040,13,28956.0,0.0,True,0,0.4937584536937928,1451.654240183648,14780.227272727274,65,56,weekday_proxy,operator_zone_route_validation_profile
PZ040,14,28956.0,0.0,True,0,0.5230528665340539,1537.7800741721585,15538.045454545454,66,57,weekday_proxy,operator_zone_route_validation_profile
PZ040,15,28956.0,0.0,True,0,0.5549344394096203,1631.5121816476112,16975.31818181818,67,58,weekday_proxy,operator_zone_route_validation_profile
PZ040,16,28956.0,0.0,False,0,0.749239657535539,2202.771249056353,21740.0,68,59,weekday_proxy,operator_zone_route_validation_profile
PZ040,17,28956.0,0.0,False,0,0.8932616341435134,2626.1971397090574,25164.363636363636,68,59,weekday_proxy,operator_zone_route_validation_profile
PZ040,18,28956.0,1158.24,True,0,0.6652816120184359,1955.9338493912576,21085.68181818182,68,59,weekday_proxy,operator_zone_route_validation_profile
PZ040,19,28956.0,2316.48,True,0,0.4566917535592,1342.6778125043625,15092.636363636364,68,59,weekday_proxy,operator_zone_route_validation_profile
PZ040,20,28956.0,3474.72,True,0,0.26579470039709885,781.4387803658204,9408.727272727272,67,58,weekday_proxy,operator_zone_route_validation_profile
PZ040,21,28956.0,3764.28,True,0,0.14902355247627763,438.13056813722426,5470.954545454545,64,55,weekday_proxy,operator_zone_route_validation_profile
PZ040,22,28956.0,2895.6000000000004,True,0,0.07895752817202475,232.13583424826024,2879.818181818182,53,44,weekday_proxy,operator_zone_route_validation_profile
PZ040,23,28956.0,1447.8000000000002,True,0,0.014113691784376534,41.494379225638916,574.1818181818182,47,39,weekday_proxy,operator_zone_route_validation_profile
PZ041,0,33615.25,3361.525,True,0,0.0015503875968992248,7.278503820099601,0.3181818181818182,3,0,weekday_proxy,operator_zone_route_validation_profile
PZ041,1,33615.25,3361.525,True,0,0.00022148394241417496,1.0397862600142287,0.045454545454545456,1,0,weekday_proxy,operator_zone_route_validation_profile
PZ041,2,33615.25,3025.3725,True,0,0.0,0.0,0.0,0,0,weekday_proxy,operator_zone_route_validation_profile
PZ041,3,33615.25,2689.2200000000003,True,0,0.07840531561461794,368.084336045037,16.09090909090909,13,1,weekday_proxy,operator_zone_route_validation_profile
PZ041,4,33615.25,2353.0675,True,0,0.5922480620155038,2780.388459278048,121.54545454545455,17,1,weekday_proxy,operator_zone_route_validation_profile
PZ041,5,33615.25,1344.6100000000001,True,0,0.9601328903654484,4507.473437161681,197.04545454545453,18,1,weekday_proxy,operator_zone_route_validation_profile
PZ041,6,33615.25,0.0,False,0,1.0,4694.634963964243,205.22727272727272,18,1,weekday_proxy,operator_zone_route_validation_profile
PZ041,7,33615.25,0.0,False,0,0.8188261351052049,3844.0898032726036,168.04545454545453,18,1,weekday_proxy,operator_zone_route_validation_profile
PZ041,8,33615.25,0.0,False,0,0.5375415282392026,2523.561253054533,110.31818181818181,18,1,weekday_proxy,operator_zone_route_validation_profile
PZ041,9,33615.25,0.0,False,0,0.3603543743078626,1691.73224504315,73.95454545454545,17,1,weekday_proxy,operator_zone_route_validation_profile
PZ041,10,33615.25,0.0,True,0,0.3129568106312292,1469.2179854001051,64.22727272727273,16,0,weekday_proxy,operator_zone_route_validation_profile
PZ041,11,33615.25,0.0,True,0,0.2912513842746401,1367.3189319187109,59.77272727272727,16,0,weekday_proxy,operator_zone_route_validation_profile
PZ041,12,33615.25,0.0,True,0,0.2963455149501661,1391.234015899038,60.81818181818182,16,0,weekday_proxy,operator_zone_route_validation_profile
PZ041,13,33615.25,0.0,True,0,0.22591362126245843,1060.5819852145132,46.36363636363637,16,0,weekday_proxy,operator_zone_route_validation_profile
PZ041,14,33615.25,0.0,True,0,0.2150609080841639,1009.6324584738161,44.13636363636364,16,0,weekday_proxy,operator_zone_route_validation_profile
PZ041,15,33615.25,0.0,True,0,0.2157253599114064,1012.7518172538588,44.27272727272727,16,0,weekday_proxy,operator_zone_route_validation_profile
PZ041,16,33615.25,0.0,True,0,0.2806201550387597,1317.4091914380278,57.59090909090909,16,0,weekday_proxy,operator_zone_route_validation_profile
PZ041,17,33615.25,0.0,True,0,0.2815060908084164,1321.5683364780848,57.77272727272727,17,0,weekday_proxy,operator_zone_route_validation_profile
PZ041,18,33615.25,1344.6100000000001,True,0,0.263344407530454,1236.305863156918,54.04545454545455,17,0,weekday_proxy,operator_zone_route_validation_profile
PZ041,19,33615.25,2689.2200000000003,True,0,0.17386489479512734,816.2322141111696,35.68181818181818,17,0,weekday_proxy,operator_zone_route_validation_profile
PZ041,20,33615.25,4033.83,True,0,0.13289036544850497,623.8717560085372,27.272727272727273,16,0,weekday_proxy,operator_zone_route_validation_profile
PZ041,21,33615.25,4369.9825,True,0,0.06843853820598006,321.29395434439664,14.045454545454545,16,0,weekday_proxy,operator_zone_route_validation_profile
PZ041,22,33615.25,3361.525,True,0,0.04473975636766334,210.0368245228742,9.181818181818182,16,0,weekday_proxy,operator_zone_route_validation_profile
PZ041,23,33615.25,1680.7625,True,0,0.008416389811738647,39.51187788054069,1.7272727272727273,9,0,weekday_proxy,operator_zone_route_validation_profile
PZ047,0,34988.5,3498.8500000000004,True,0,0.002274524437810415,7.812187704145223,11.636363636363637,6,1,weekday_proxy,operator_zone_route_validation_profile
PZ047,1,34988.5,3498.8500000000004,True,0,0.0034206715178008193,11.748797914437151,17.5,3,1,weekday_proxy,operator_zone_route_validation_profile
PZ047,2,34988.5,3148.9649999999997,True,0,0.0033940169345452282,11.657248839779198,17.363636363636363,3,1,weekday_proxy,operator_zone_route_validation_profile
PZ047,3,34988.5,2799.08,True,0,0.009586765110927492,32.927150518643344,49.04545454545455,9,3,weekday_proxy,operator_zone_route_validation_profile
PZ047,4,34988.5,2449.195,True,0,0.19775923803431333,679.233101245564,1011.7272727272726,7,3,weekday_proxy,operator_zone_route_validation_profile
PZ047,5,34988.5,1399.54,True,0,0.7446046681060141,2557.4539169281034,3809.3636363636365,7,3,weekday_proxy,operator_zone_route_validation_profile
PZ047,6,34988.5,0.0,False,0,1.0,3434.6466339423787,5115.954545454546,7,3,weekday_proxy,operator_zone_route_validation_profile
PZ047,7,34988.5,0.0,False,0,0.8154436655382894,2800.7608410107205,4171.772727272727,7,3,weekday_proxy,operator_zone_route_validation_profile
PZ047,8,34988.5,0.0,False,0,0.5729669216621798,1967.9389088473324,2931.2727272727275,7,3,weekday_proxy,operator_zone_route_validation_profile
PZ047,9,34988.5,0.0,False,0,0.4638519426748762,1593.167513555897,2373.0454545454545,7,3,weekday_proxy,operator_zone_route_validation_profile
PZ047,10,34988.5,0.0,True,0,0.426437792645112,1464.663129094352,2181.6363636363635,7,3,weekday_proxy,operator_zone_route_validation_profile
PZ047,11,34988.5,0.0,True,0,0.4561309983918401,1566.6487982633103,2333.5454545454545,6,2,weekday_proxy,operator_zone_route_validation_profile
PZ047,12,34988.5,0.0,True,0,0.5239580279162335,1799.6106769095782,2680.5454545454545,6,2,weekday_proxy,operator_zone_route_validation_profile
PZ047,13,34988.5,0.0,True,0,0.5371609314888361,1844.9579852234838,2748.090909090909,6,2,weekday_proxy,operator_zone_route_validation_profile
PZ047,14,34988.5,0.0,True,0,0.5385647395402973,1849.779569822136,2755.272727272727,7,3,weekday_proxy,operator_zone_route_validation_profile
PZ047,15,34988.5,0.0,True,0,0.5625183250259882,1932.0516715814153,2877.818181818182,7,3,weekday_proxy,operator_zone_route_validation_profile
PZ047,16,34988.5,0.0,False,0,0.7420102886691365,2548.5431403280627,3796.090909090909,7,3,weekday_proxy,operator_zone_route_validation_profile
PZ047,17,34988.5,0.0,False,0,0.8494815683556788,2917.6690093489246,4345.909090909091,7,3,weekday_proxy,operator_zone_route_validation_profile
PZ047,18,34988.5,1399.54,True,0,0.657843999609066,2259.46167891647,3365.5,7,3,weekday_proxy,operator_zone_route_validation_profile
PZ047,19,34988.5,2799.08,True,0,0.4543540261748007,1560.5455266194467,2324.4545454545455,7,3,weekday_proxy,operator_zone_route_validation_profile
PZ047,20,34988.5,4198.62,True,0,0.3085356860445486,1059.7110555240115,1578.4545454545453,6,2,weekday_proxy,operator_zone_route_validation_profile
PZ047,21,34988.5,4548.505,True,0,0.21089106271823438,724.3362786937148,1078.9090909090908,6,2,weekday_proxy,operator_zone_route_validation_profile
PZ047,22,34988.5,3498.8500000000004,True,0,0.09577880249842294,328.96634160424026,490.0,6,2,weekday_proxy,operator_zone_route_validation_profile
PZ047,23,34988.5,1749.4250000000002,True,0,0.009959929276505762,34.208837563854665,50.95454545454545,9,3,weekday_proxy,operator_zone_route_validation_profile
PZ048,0,41629.0,4162.900000000001,True,0,3.562363628267356e-05,0.13391354278669423,0.18181818181818182,3,1,weekday_proxy,operator_zone_route_validation_profile
PZ048,1,41629.0,4162.900000000001,True,0,0.0,0.0,0.0,0,0,weekday_proxy,operator_zone_route_validation_profile
PZ048,2,41629.0,3746.6099999999997,True,0,0.0,0.0,0.0,0,0,weekday_proxy,operator_zone_route_validation_profile
PZ048,3,41629.0,3330.32,True,0,0.019717682682459808,74.12114593243524,100.63636363636363,6,0,weekday_proxy,operator_zone_route_validation_profile
PZ048,4,41629.0,2914.03,True,0,0.23292514583426102,875.5936995108001,1188.8181818181818,7,1,weekday_proxy,operator_zone_route_validation_profile
PZ048,5,41629.0,1665.16,True,0,0.7527719641982457,2829.7605510113326,3842.045454545455,7,1,weekday_proxy,operator_zone_route_validation_profile
PZ048,6,41629.0,0.0,False,0,1.0,3759.12053795099,5103.863636363636,7,1,weekday_proxy,operator_zone_route_validation_profile
PZ048,7,41629.0,0.0,False,0,0.8648706416707486,3251.1529917753624,4414.181818181818,7,1,weekday_proxy,operator_zone_route_validation_profile
PZ048,8,41629.0,0.0,False,0,0.6909916729750188,2597.5209894335076,3526.727272727273,7,1,weekday_proxy,operator_zone_route_validation_profile
PZ048,9,41629.0,0.0,False,0,0.5448546110344213,2048.1741585367913,2780.8636363636365,7,1,weekday_proxy,operator_zone_route_validation_profile
PZ048,10,41629.0,0.0,True,0,0.47805138709533773,1797.052787426043,2439.909090909091,8,1,weekday_proxy,operator_zone_route_validation_profile
PZ048,11,41629.0,0.0,True,0,0.47825622300396314,1797.8227902970666,2440.9545454545455,8,1,weekday_proxy,operator_zone_route_validation_profile
PZ048,12,41629.0,0.0,True,0,0.5433673242196198,2042.583268125447,2773.272727272727,8,1,weekday_proxy,operator_zone_route_validation_profile
PZ048,13,41629.0,0.0,True,0,0.5582312864585652,2098.458693853195,2849.1363636363635,8,1,weekday_proxy,operator_zone_route_validation_profile
PZ048,14,41629.0,0.0,True,0,0.6111056686111235,2297.219869734346,3119.0,8,1,weekday_proxy,operator_zone_route_validation_profile
PZ048,15,41629.0,0.0,True,0,0.6706862002938949,2521.190270045092,3423.090909090909,7,1,weekday_proxy,operator_zone_route_validation_profile
PZ048,16,41629.0,0.0,False,0,0.8691187602974574,3267.1221817526757,4435.863636363636,7,1,weekday_proxy,operator_zone_route_validation_profile
PZ048,17,41629.0,0.0,False,0,0.9458075433049828,3555.4045609867317,4827.272727272728,8,1,weekday_proxy,operator_zone_route_validation_profile
PZ048,18,41629.0,1665.16,True,0,0.7112971456561428,2673.8517088219232,3630.363636363636,8,1,weekday_proxy,operator_zone_route_validation_profile
PZ048,19,41629.0,3330.32,True,0,0.5096940820234226,1916.0014918063243,2601.409090909091,8,1,weekday_proxy,operator_zone_route_validation_profile
PZ048,20,41629.0,4995.48,True,0,0.32462038562586276,1220.2871586437511,1656.8181818181818,8,1,weekday_proxy,operator_zone_route_validation_profile
PZ048,21,41629.0,5411.77,True,0,0.1945673954668923,731.4022923152272,993.0454545454545,8,1,weekday_proxy,operator_zone_route_validation_profile
PZ048,22,41629.0,4162.900000000001,True,0,0.06726633121075834,252.86224716697535,343.3181818181818,7,1,weekday_proxy,operator_zone_route_validation_profile
PZ048,23,41629.0,2081.4500000000003,True,0,0.005895711804782473,22.162691331197895,30.09090909090909,7,1,weekday_proxy,operator_zone_route_validation_profile
PZ049,0,38066.5,3806.65,True,0,0.0001934866290555816,0.7573709430492813,0.8636363636363636,3,1,weekday_proxy,operator_zone_route_validation_profile
PZ049,1,38066.5,3806.65,True,0,0.0,0.0,0.0,0,0,weekday_proxy,operator_zone_route_validation_profile
PZ049,2,38066.5,3425.9849999999997,True,0,0.0,0.0,0.0,0,0,weekday_proxy,operator_zone_route_validation_profile
PZ049,3,38066.5,3045.32,True,0,0.004541844029409968,17.77828634736734,20.272727272727273,5,1,weekday_proxy,operator_zone_route_validation_profile
PZ049,4,38066.5,2664.655,True,0,0.19955599910385144,781.1284736838799,890.7272727272727,8,4,weekday_proxy,operator_zone_route_validation_profile
PZ049,5,38066.5,1522.66,True,0,0.7709321982117763,3017.684730136989,3441.090909090909,9,5,weekday_proxy,operator_zone_route_validation_profile
PZ049,6,38066.5,0.0,False,0,1.0,3914.332203450175,4463.545454545455,9,5,weekday_proxy,operator_zone_route_validation_profile
PZ049,7,38066.5,0.0,False,0,0.7673272368072671,3003.5737136191237,3425.0,8,4,weekday_proxy,operator_zone_route_validation_profile
PZ049,8,38066.5,0.0,False,0,0.514776268355771,2015.0053247969036,2297.7272727272725,8,4,weekday_proxy,operator_zone_route_validation_profile
PZ049,9,38066.5,0.0,False,0,0.43599665980977215,1706.6357660901017,1946.090909090909,8,4,weekday_proxy,operator_zone_route_validation_profile
PZ049,10,38066.5,0.0,True,0,0.39186134137151474,1533.8754678177024,1749.090909090909,8,4,weekday_proxy,operator_zone_route_validation_profile
PZ049,11,38066.5,0.0,True,0,0.3926556549013218,1536.9846748470625,1752.6363636363637,8,4,weekday_proxy,operator_zone_route_validation_profile
PZ049,12,38066.5,0.0,True,0,0.4446220900629341,1740.398565498667,1984.590909090909,8,4,weekday_proxy,operator_zone_route_validation_profile
PZ049,13,38066.5,0.0,True,0,0.46911342389865374,1836.2657822372732,2093.909090909091,8,4,weekday_proxy,operator_zone_route_validation_profile
PZ049,14,38066.5,0.0,True,0,0.5527098311574574,2163.4898912631443,2467.0454545454545,8,4,weekday_proxy,operator_zone_route_validation_profile
PZ049,15,38066.5,0.0,True,0,0.5720177600358459,2239.0675390537463,2553.227272727273,8,4,weekday_proxy,operator_zone_route_validation_profile
PZ049,16,38066.5,0.0,False,0,0.7741501863581745,3030.2810047687562,3455.4545454545455,8,4,weekday_proxy,operator_zone_route_validation_profile
PZ049,17,38066.5,0.0,False,0,0.8457096885883624,3310.3886688112457,3774.8636363636365,8,4,weekday_proxy,operator_zone_route_validation_profile
PZ049,18,38066.5,1522.66,True,0,0.6414387258396301,2510.804261094112,2863.090909090909,8,4,weekday_proxy,operator_zone_route_validation_profile
PZ049,19,38066.5,3045.32,True,0,0.43196399111998207,1690.8505611718113,1928.090909090909,8,4,weekday_proxy,operator_zone_route_validation_profile
PZ049,20,38066.5,4567.98,True,0,0.2787836819487159,1091.2519440482697,1244.3636363636365,9,5,weekday_proxy,operator_zone_route_validation_profile
PZ049,21,38066.5,4948.645,True,0,0.16319069634819447,638.7825980191965,728.4090909090909,8,4,weekday_proxy,operator_zone_route_validation_profile
PZ049,22,38066.5,3806.65,True,0,0.06776105419662315,265.2392765815746,302.45454545454544,7,3,weekday_proxy,operator_zone_route_validation_profile
PZ049,23,38066.5,1903.325,True,0,0.005600928735819468,21.923895719847618,25.0,7,3,weekday_proxy,operator_zone_route_validation_profile
PZ050,0,46654.5,4665.45,True,0,0.0005422469823584029,2.5318742514836514,3.3181818181818183,4,2,weekday_proxy,operator_zone_route_validation_profile
PZ050,1,46654.5,4665.45,True,0,0.0,0.0,0.0,0,0,weekday_proxy,operator_zone_route_validation_profile
PZ050,2,46654.5,4198.905,True,0,0.0,0.0,0.0,0,0,weekday_proxy,operator_zone_route_validation_profile
PZ050,3,46654.5,3732.36,True,0,0.07367873723305478,344.02274932145673,450.8636363636364,9,6,weekday_proxy,operator_zone_route_validation_profile
PZ050,4,46654.5,3265.8150000000005,True,0,0.5024846796657382,2346.2150341111587,3074.8636363636365,10,7,weekday_proxy,operator_zone_route_validation_profile
PZ050,5,46654.5,1866.18,True,0,0.8123082636954502,3792.8516783492832,4970.772727272727,11,8,weekday_proxy,operator_zone_route_validation_profile
PZ050,6,46654.5,0.0,False,0,1.0,4669.227001451872,6119.318181818182,11,8,weekday_proxy,operator_zone_route_validation_profile
PZ050,7,46654.5,0.0,False,0,0.7079665738161558,3305.6566425877645,4332.272727272727,11,8,weekday_proxy,operator_zone_route_validation_profile
PZ050,8,46654.5,0.0,False,0,0.5206165273909006,2430.876747095701,3185.818181818182,10,7,weekday_proxy,operator_zone_route_validation_profile
PZ050,9,46654.5,0.0,False,0,0.423606313834726,1977.9140385425983,2592.181818181818,10,7,weekday_proxy,operator_zone_route_validation_profile
PZ050,10,46654.5,0.0,True,0,0.39820241411327756,1859.2974640210355,2436.7272727272725,9,6,weekday_proxy,operator_zone_route_validation_profile
PZ050,11,46654.5,0.0,True,0,0.41995171773444745,1960.849899751777,2569.818181818182,9,6,weekday_proxy,operator_zone_route_validation_profile
PZ050,12,46654.5,0.0,True,0,0.4530213556174558,2115.2595458833553,2772.181818181818,9,6,weekday_proxy,operator_zone_route_validation_profile
PZ050,13,46654.5,0.0,True,0,0.4356248839368616,2034.031470582332,2665.7272727272725,9,6,weekday_proxy,operator_zone_route_validation_profile
PZ050,14,46654.5,0.0,True,0,0.5039257195914576,2352.9435766424986,3083.681818181818,10,7,weekday_proxy,operator_zone_route_validation_profile
PZ050,15,46654.5,0.0,True,0,0.5492367688022284,2564.5111510815436,3360.9545454545455,10,7,weekday_proxy,operator_zone_route_validation_profile
PZ050,16,46654.5,0.0,False,0,0.7215896007428041,3369.2656477551764,4415.636363636364,11,8,weekday_proxy,operator_zone_route_validation_profile
PZ050,17,46654.5,0.0,False,0,0.7806722376973072,3645.1358915401206,4777.181818181818,11,8,weekday_proxy,operator_zone_route_validation_profile
PZ050,18,46654.5,1866.18,True,0,0.6562599814298978,3064.2268252647827,4015.8636363636365,11,8,weekday_proxy,operator_zone_route_validation_profile
PZ050,19,46654.5,3732.36,True,0,0.47159145775301753,2201.967568194439,2885.8181818181815,11,8,weekday_proxy,operator_zone_route_validation_profile
PZ050,20,46654.5,5598.54,True,0,0.28453853296193127,1328.5750010593529,1741.1818181818182,10,7,weekday_proxy,operator_zone_route_validation_profile
PZ050,21,46654.5,6065.085,True,0,0.1628895078922934,760.568088503904,996.7727272727273,9,6,weekday_proxy,operator_zone_route_validation_profile
PZ050,22,46654.5,4665.45,True,0,0.09430640668523675,440.3380205046088,577.0909090909091,9,6,weekday_proxy,operator_zone_route_validation_profile
PZ050,23,46654.5,2332.725,True,0,0.01889693593314763,88.23408350375904,115.63636363636363,9,6,weekday_proxy,operator_zone_route_validation_profile
PZ052,0,40793.0,4079.3,True,0,0.0003685939859070133,1.432429449098755,63.09090909090909,32,28,weekday_proxy,operator_zone_route_validation_profile
PZ052,1,40793.0,4079.3,True,0,0.003450800237697692,13.410495212697679,21.545454545454547,9,7,weekday_proxy,operator_zone_route_validation_profile
PZ052,2,40793.0,3671.37,True,0,0.0018423311023676664,7.1596646362205485,17.545454545454547,11,7,weekday_proxy,operator_zone_route_validation_profile
PZ052,3,40793.0,3263.44,True,0,0.02855629555324772,110.97543712489953,740.1363636363636,54,49,weekday_proxy,operator_zone_route_validation_profile
PZ052,4,40793.0,2855.51,True,0,0.3755167706320297,1459.3327657263524,10623.90909090909,68,63,weekday_proxy,operator_zone_route_validation_profile
PZ052,5,40793.0,1631.72,True,0,0.778649374397366,3025.98614479425,23220.31818181818,71,65,weekday_proxy,operator_zone_route_validation_profile
PZ052,6,40793.0,0.0,False,0,1.0,3886.1986463884405,28938.863636363636,70,65,weekday_proxy,operator_zone_route_validation_profile
PZ052,7,40793.0,0.0,False,0,0.7571032085128513,2942.253464098988,22332.863636363636,71,65,weekday_proxy,operator_zone_route_validation_profile
PZ052,8,40793.0,0.0,False,0,0.5625213828667729,2186.0698366614065,17076.0,70,65,weekday_proxy,operator_zone_route_validation_profile
PZ052,9,40793.0,0.0,False,0,0.5048560192724962,1961.9707787178313,14702.0,70,65,weekday_proxy,operator_zone_route_validation_profile
PZ052,10,40793.0,0.0,True,0,0.4672226820885772,1815.7201546946053,13792.318181818182,70,65,weekday_proxy,operator_zone_route_validation_profile
PZ052,11,40793.0,0.0,True,0,0.4895652538906871,1902.5478269888015,14428.772727272728,70,65,weekday_proxy,operator_zone_route_validation_profile
PZ052,12,40793.0,0.0,True,0,0.5391321821167581,2095.1747563665913,15935.5,71,65,weekday_proxy,operator_zone_route_validation_profile
PZ052,13,40793.0,0.0,True,0,0.5396617503115214,2097.232763568251,15572.863636363636,71,65,weekday_proxy,operator_zone_route_validation_profile
PZ052,14,40793.0,0.0,True,0,0.5790778866549023,2250.4116992717604,16350.545454545454,71,65,weekday_proxy,operator_zone_route_validation_profile
PZ052,15,40793.0,0.0,True,0,0.5873831345935785,2282.687542568964,16471.090909090908,71,65,weekday_proxy,operator_zone_route_validation_profile
PZ052,16,40793.0,0.0,False,0,0.7203278235563092,2799.33701286046,20136.090909090908,71,65,weekday_proxy,operator_zone_route_validation_profile
PZ052,17,40793.0,0.0,False,0,0.8137577948476196,3162.4244408248614,22933.363636363636,71,65,weekday_proxy,operator_zone_route_validation_profile
PZ052,18,40793.0,1631.72,True,0,0.6865912757533474,2668.2300864547715,19039.772727272728,71,65,weekday_proxy,operator_zone_route_validation_profile
PZ052,19,40793.0,3263.44,True,0,0.4955644746697005,1925.8619906595886,13911.09090909091,71,65,weekday_proxy,operator_zone_route_validation_profile
PZ052,20,40793.0,4895.16,True,0,0.30665208300640284,1191.7109098916785,8976.227272727272,70,65,weekday_proxy,operator_zone_route_validation_profile
PZ052,21,40793.0,5303.09,True,0,0.1767258333327821,686.7916942797269,5824.227272727273,70,65,weekday_proxy,operator_zone_route_validation_profile
PZ052,22,40793.0,4079.3,True,0,0.07401051918166365,287.619579462287,3231.9545454545455,71,65,weekday_proxy,operator_zone_route_validation_profile
PZ052,23,40793.0,2039.65,True,0,0.008352604241584623,32.45987929746451,628.1818181818181,64,57,weekday_proxy,operator_zone_route_validation_profile
