depot_id,buffer_m,building_count,building_roof_area_m2,internal_carport_area_m2,pv_cap_conservative_kwp,pv_cap_medium_kwp,pv_cap_high_kwp,pv_cap_carport_kwp,roof_method,overlap_warning
PZ001,0,1,201.8099207821119,4523.472549661754,10.090496039105595,16.144793662568954,22.199091286032314,655.4852482386779,ideca_building_footprints_intersected_with_depot_buffers,nearby_buffers_are_not_deduplicated_across_depots
PZ001,500,160,24636.8824330143,0.0,1231.8441216507151,1970.9505946411443,2710.0570676315733,2710.0570676315733,ideca_building_footprints_intersected_with_depot_buffers,nearby_buffers_are_not_deduplicated_across_depots
PZ001,1000,2016,146982.71942174208,0.0,7349.135971087104,11758.617553739366,16168.09913639163,16168.09913639163,ideca_building_footprints_intersected_with_depot_buffers,nearby_buffers_are_not_deduplicated_across_depots
PZ001,2000,17128,1204302.905856399,0.0,60215.14529281996,96344.23246851194,132473.31964420393,132473.31964420393,ideca_building_footprints_intersected_with_depot_buffers,nearby_buffers_are_not_deduplicated_across_depots
PZ006,0,11,1061.3206759879058,3292.494612119184,53.06603379939529,84.90565407903247,116.74527435866965,577.6945200553554,ideca_building_footprints_intersected_with_depot_buffers,nearby_buffers_are_not_deduplicated_across_depots
PZ006,500,6475,428573.63676006655,0.0,21428.68183800333,34285.89094080533,47143.10004360732,47143.10004360732,ideca_building_footprints_intersected_with_depot_buffers,nearby_buffers_are_not_deduplicated_across_depots
PZ006,1000,26835,1388588.1174252545,0.0,69429.40587126273,111087.04939402037,152744.692916778,152744.692916778,ideca_building_footprints_intersected_with_depot_buffers,nearby_buffers_are_not_deduplicated_across_depots
PZ006,2000,108616,4918961.984273882,0.0,245948.0992136941,393516.9587419106,541085.818270127,541085.818270127,ideca_building_footprints_intersected_with_depot_buffers,nearby_buffers_are_not_deduplicated_across_depots
PZ039,0,4,2211.2134117403875,2855.1422915261337,110.56067058701939,176.89707293923104,243.2334752914427,642.9533961051014,ideca_building_footprints_intersected_with_depot_buffers,nearby_buffers_are_not_deduplicated_across_depots
PZ039,500,7427,426438.8568858402,0.0,21321.94284429201,34115.10855086722,46908.27425744243,46908.27425744243,ideca_building_footprints_intersected_with_depot_buffers,nearby_buffers_are_not_deduplicated_across_depots
PZ039,1000,21863,1554178.6328791447,0.0,77708.93164395724,124334.2906303316,170959.64961670595,170959.64961670595,ideca_building_footprints_intersected_with_depot_buffers,nearby_buffers_are_not_deduplicated_across_depots
PZ039,2000,50173,5469464.063430185,0.0,273473.20317150926,437557.1250744148,601641.0469773205,601641.0469773205,ideca_building_footprints_intersected_with_depot_buffers,nearby_buffers_are_not_deduplicated_across_depots
PZ040,0,16,2335.2931289964495,5120.636109028696,116.76465644982248,186.823450319716,256.8822441896095,973.7712994536269,ideca_building_footprints_intersected_with_depot_buffers,nearby_buffers_are_not_deduplicated_across_depots
PZ040,500,5493,523584.39332279784,0.0,26179.219666139892,41886.75146582383,57594.28326550777,57594.28326550777,ideca_building_footprints_intersected_with_depot_buffers,nearby_buffers_are_not_deduplicated_across_depots
PZ040,1000,14852,1493593.0639145896,0.0,74679.65319572948,119487.44511316717,164295.23703060488,164295.23703060488,ideca_building_footprints_intersected_with_depot_buffers,nearby_buffers_are_not_deduplicated_across_depots
PZ040,2000,63243,6237106.096755649,0.0,311855.30483778246,498968.48774045194,686081.6706431215,686081.6706431215,ideca_building_footprints_intersected_with_depot_buffers,nearby_buffers_are_not_deduplicated_across_depots
PZ041,0,4,365.4193068723918,7163.899122254621,18.27096534361959,29.233544549791347,40.1961237559631,1043.1420008716102,ideca_building_footprints_intersected_with_depot_buffers,nearby_buffers_are_not_deduplicated_across_depots
PZ041,500,1297,87504.3952400762,0.0,4375.2197620038105,7000.351619206097,9625.483476408384,9625.483476408384,ideca_building_footprints_intersected_with_depot_buffers,nearby_buffers_are_not_deduplicated_across_depots
PZ041,1000,3006,200366.7428069132,0.0,10018.33714034566,16029.339424553058,22040.341708760454,22040.341708760454,ideca_building_footprints_intersected_with_depot_buffers,nearby_buffers_are_not_deduplicated_across_depots
PZ041,2000,4353,294220.38026888133,0.0,14711.019013444067,23537.63042151051,32364.24182957695,32364.24182957695,ideca_building_footprints_intersected_with_depot_buffers,nearby_buffers_are_not_deduplicated_across_depots
PZ047,0,0,0.0,7130.376037751075,0.0,0.0,0.0,998.2526452851506,ideca_building_footprints_intersected_with_depot_buffers,nearby_buffers_are_not_deduplicated_across_depots
PZ047,500,1620,248429.0591218276,0.0,12421.45295609138,19874.324729746208,27327.196503401035,27327.196503401035,ideca_building_footprints_intersected_with_depot_buffers,nearby_buffers_are_not_deduplicated_across_depots
PZ047,1000,4002,929185.9503003459,0.0,46459.2975150173,74334.87602402769,102210.45453303806,102210.45453303806,ideca_building_footprints_intersected_with_depot_buffers,nearby_buffers_are_not_deduplicated_across_depots
PZ047,2000,13694,3016805.1892136317,0.0,150840.25946068158,241344.41513709055,331848.57081349957,331848.57081349957,ideca_building_footprints_intersected_with_depot_buffers,nearby_buffers_are_not_deduplicated_across_depots
PZ048,0,0,0.0,6972.81253558046,0.0,0.0,0.0,976.1937549812643,ideca_building_footprints_intersected_with_depot_buffers,nearby_buffers_are_not_deduplicated_across_depots
PZ048,500,963,256617.98452776106,0.0,12830.899226388054,20529.43876222089,28227.978298053717,28227.978298053717,ideca_building_footprints_intersected_with_depot_buffers,nearby_buffers_are_not_deduplicated_across_depots
PZ048,1000,3606,937866.4302943007,0.0,46893.32151471503,75029.31442354406,103165.3073323731,103165.3073323731,ideca_building_footprints_intersected_with_depot_buffers,nearby_buffers_are_not_deduplicated_across_depots
PZ048,2000,13679,3099657.478787672,0.0,154982.8739393836,247972.59830301377,340962.32266664394,340962.32266664394,ideca_building_footprints_intersected_with_depot_buffers,nearby_buffers_are_not_deduplicated_across_depots
PZ049,0,0,0.0,8030.481221660726,0.0,0.0,0.0,1124.2673710325016,ideca_building_footprints_intersected_with_depot_buffers,nearby_buffers_are_not_deduplicated_across_depots
PZ049,500,2259,223105.88734733296,0.0,11155.294367366649,17848.470987786637,24541.64760820663,24541.64760820663,ideca_building_footprints_intersected_with_depot_buffers,nearby_buffers_are_not_deduplicated_across_depots
PZ049,1000,4234,947717.5959316436,0.0,47385.87979658219,75817.4076745315,104248.9355524808,104248.9355524808,ideca_building_footprints_intersected_with_depot_buffers,nearby_buffers_are_not_deduplicated_across_depots
PZ049,2000,13898,3026698.615506201,0.0,151334.93077531006,242135.8892404961,332936.84770568216,332936.84770568216,ideca_building_footprints_intersected_with_depot_buffers,nearby_buffers_are_not_deduplicated_across_depots
PZ050,0,14,5303.981963532366,13002.597412185034,265.1990981766183,424.3185570825893,583.4380159885603,2403.8016536944647,ideca_building_footprints_intersected_with_depot_buffers,nearby_buffers_are_not_deduplicated_across_depots
PZ050,500,2476,138315.2502544563,0.0,6915.762512722816,11065.220020356506,15214.677527990196,15214.677527990196,ideca_building_footprints_intersected_with_depot_buffers,nearby_buffers_are_not_deduplicated_across_depots
PZ050,1000,3821,242661.14279369853,0.0,12133.057139684926,19412.891423495883,26692.725707306843,26692.725707306843,ideca_building_footprints_intersected_with_depot_buffers,nearby_buffers_are_not_deduplicated_across_depots
PZ050,2000,6473,392209.1181901968,0.0,19610.45590950984,31376.729455215747,43143.00300092166,43143.00300092166,ideca_building_footprints_intersected_with_depot_buffers,nearby_buffers_are_not_deduplicated_across_depots
PZ052,0,9,2303.426791595937,11100.134628418038,115.17133957979686,184.274143327675,253.37694707555312,1807.3957950540782,ideca_building_footprints_intersected_with_depot_buffers,nearby_buffers_are_not_deduplicated_across_depots
PZ052,500,8067,324767.89502388355,0.0,16238.394751194179,25981.43160191069,35724.468452627196,35724.468452627196,ideca_building_footprints_intersected_with_depot_buffers,nearby_buffers_are_not_deduplicated_across_depots
PZ052,1000,28116,1106333.7142243527,0.0,55316.68571121764,88506.69713794823,121696.70856467882,121696.70856467882,ideca_building_footprints_intersected_with_depot_buffers,nearby_buffers_are_not_deduplicated_across_depots
PZ052,2000,90186,3594458.8052674355,0.0,179722.9402633718,287556.7044213949,395390.46857941797,395390.46857941797,ideca_building_footprints_intersected_with_depot_buffers,nearby_buffers_are_not_deduplicated_across_depots
