depot_id,depot_name,operator_family,concesionario_operacion,zone,zone_norm,component,assignment_method,assignment_confidence,route_code,route_label,route_total_validations,operator_total_validations,route_share_operator,route_bus_count_proxy,route_daily_energy_kwh_proxy,gtfs_route_id_match,gtfs_short_name_match,gtfs_any_match,source_note
PZ052,Perdomo,ETIB,Empresa de Transporte integrado de Bogotá – ETIB S.A.S.,Bosa,BOSA,Zonal,nearest_southwest_electric_depot_proxy,low,10173,GK505,2756.2272727272725,251531.9090909091,0.010957763898381228,0.33969068084981807,61.31416789339216,False,True,True,Operator-route shares from March 2026 SITP zonal validation profiles.
PZ052,Perdomo,ETIB,Empresa de Transporte integrado de Bogotá – ETIB S.A.S.,Bosa,BOSA,Zonal,nearest_southwest_electric_depot_proxy,low,10182,544A,3748.2727272727275,251531.9090909091,0.014901778230920279,0.46195512515852866,83.38290009111442,True,True,True,Operator-route shares from March 2026 SITP zonal validation profiles.
PZ052,Perdomo,ETIB,Empresa de Transporte integrado de Bogotá – ETIB S.A.S.,Bosa,BOSA,Zonal,nearest_southwest_electric_depot_proxy,low,10187,C15,7252.090909090909,251531.9090909091,0.028831693502830474,0.8937824985877447,161.3277409950879,False,True,True,Operator-route shares from March 2026 SITP zonal validation profiles.
PZ052,Perdomo,ETIB,Empresa de Transporte integrado de Bogotá – ETIB S.A.S.,Bosa,BOSA,Zonal,nearest_southwest_electric_depot_proxy,low,10195,599,7469.954545454546,251531.9090909091,0.029697840613751882,0.9206330590263083,166.17426715424867,False,True,True,Operator-route shares from March 2026 SITP zonal validation profiles.
PZ052,Perdomo,ETIB,Empresa de Transporte integrado de Bogotá – ETIB S.A.S.,Bosa,BOSA,Zonal,nearest_southwest_electric_depot_proxy,low,10203,120,8.090909090909092,251531.9090909091,3.2166531555186745e-05,0.0009971624782107891,0.17998782731704743,False,False,False,Operator-route shares from March 2026 SITP zonal validation profiles.
PZ052,Perdomo,ETIB,Empresa de Transporte integrado de Bogotá – ETIB S.A.S.,Bosa,BOSA,Zonal,nearest_southwest_electric_depot_proxy,low,10213,94,14199.09090909091,251531.9090909091,0.056450455770838404,1.7499641288959906,315.8685252657263,False,True,True,Operator-route shares from March 2026 SITP zonal validation profiles.
PZ052,Perdomo,ETIB,Empresa de Transporte integrado de Bogotá – ETIB S.A.S.,Bosa,BOSA,Zonal,nearest_southwest_electric_depot_proxy,low,10216,117,7428.454545454545,251531.9090909091,0.02953285160639297,0.9155183997981821,165.25107116357185,False,True,True,Operator-route shares from March 2026 SITP zonal validation profiles.
PZ052,Perdomo,ETIB,Empresa de Transporte integrado de Bogotá – ETIB S.A.S.,Bosa,BOSA,Zonal,nearest_southwest_electric_depot_proxy,low,10226,607A,3264.5454545454545,251531.9090909091,0.012978653349963551,0.40233825384887006,72.62205481972104,False,True,True,Operator-route shares from March 2026 SITP zonal validation profiles.
PZ052,Perdomo,ETIB,Empresa de Transporte integrado de Bogotá – ETIB S.A.S.,Bosa,BOSA,Zonal,nearest_southwest_electric_depot_proxy,low,10240,787A,1597.090909090909,251531.9090909091,0.006349456475972143,0.1968331507551364,35.528383711302126,False,False,False,Operator-route shares from March 2026 SITP zonal validation profiles.
PZ052,Perdomo,ETIB,Empresa de Transporte integrado de Bogotá – ETIB S.A.S.,Bosa,BOSA,Zonal,nearest_southwest_electric_depot_proxy,low,10248,T40,7181.954545454545,251531.9090909091,0.028552856659068378,0.8851385564311197,159.76750943581712,True,True,True,Operator-route shares from March 2026 SITP zonal validation profiles.
PZ052,Perdomo,ETIB,Empresa de Transporte integrado de Bogotá – ETIB S.A.S.,Bosa,BOSA,Zonal,nearest_southwest_electric_depot_proxy,low,10251,192,5690.545454545454,251531.9090909091,0.02262355291267943,0.7013301402930623,126.59009032289775,False,True,True,Operator-route shares from March 2026 SITP zonal validation profiles.
PZ052,Perdomo,ETIB,Empresa de Transporte integrado de Bogotá – ETIB S.A.S.,Bosa,BOSA,Zonal,nearest_southwest_electric_depot_proxy,low,10256,C1,2968.181818181818,251531.9090909091,0.01180041859861626,0.3658129765571041,66.02924226855728,False,True,True,Operator-route shares from March 2026 SITP zonal validation profiles.
PZ052,Perdomo,ETIB,Empresa de Transporte integrado de Bogotá – ETIB S.A.S.,Bosa,BOSA,Zonal,nearest_southwest_electric_depot_proxy,low,10288,TC14,2849.2272727272725,251531.9090909091,0.011327498300414442,0.35115244731284767,63.38301673996901,False,True,True,Operator-route shares from March 2026 SITP zonal validation profiles.
PZ052,Perdomo,ETIB,Empresa de Transporte integrado de Bogotá – ETIB S.A.S.,Bosa,BOSA,Zonal,nearest_southwest_electric_depot_proxy,low,10352,HA600,3894.6363636363635,251531.9090909091,0.015483667172536577,0.4799936823486339,86.63885966392841,False,True,True,Operator-route shares from March 2026 SITP zonal validation profiles.
PZ052,Perdomo,ETIB,Empresa de Transporte integrado de Bogotá – ETIB S.A.S.,Bosa,BOSA,Zonal,nearest_southwest_electric_depot_proxy,low,10357,HF603,2979.6363636363635,251531.9090909091,0.011845957733177537,0.36722468972850364,66.2840564959949,False,True,True,Operator-route shares from March 2026 SITP zonal validation profiles.
PZ052,Perdomo,ETIB,Empresa de Transporte integrado de Bogotá – ETIB S.A.S.,Bosa,BOSA,Zonal,nearest_southwest_electric_depot_proxy,low,10369,97,3172.5454545454545,251531.9090909091,0.012612894586661877,0.3909997321865182,70.57545165966653,False,True,True,Operator-route shares from March 2026 SITP zonal validation profiles.
PZ052,Perdomo,ETIB,Empresa de Transporte integrado de Bogotá – ETIB S.A.S.,Bosa,BOSA,Zonal,nearest_southwest_electric_depot_proxy,low,10371,HH604,2026.6363636363637,251531.9090909091,0.00805717402201998,0.2497723946826194,45.0839172402128,False,True,True,Operator-route shares from March 2026 SITP zonal validation profiles.
PZ052,Perdomo,ETIB,Empresa de Transporte integrado de Bogotá – ETIB S.A.S.,Bosa,BOSA,Zonal,nearest_southwest_electric_depot_proxy,low,10386,91,2893.590909090909,251531.9090909091,0.011503872091413668,0.3566200348338237,64.36991628750518,True,True,True,Operator-route shares from March 2026 SITP zonal validation profiles.
PZ052,Perdomo,ETIB,Empresa de Transporte integrado de Bogotá – ETIB S.A.S.,Bosa,BOSA,Zonal,nearest_southwest_electric_depot_proxy,low,10387,H640-H641,3315.1363636363635,251531.9090909091,0.013179784527609184,0.4085733203558847,73.74748432423719,True,False,True,Operator-route shares from March 2026 SITP zonal validation profiles.
PZ052,Perdomo,ETIB,Empresa de Transporte integrado de Bogotá – ETIB S.A.S.,Bosa,BOSA,Zonal,nearest_southwest_electric_depot_proxy,low,10389,99,5224.772727272727,251531.9090909091,0.02077180881803899,0.6439260733592087,116.22865624133716,True,True,True,Operator-route shares from March 2026 SITP zonal validation profiles.
PZ052,Perdomo,ETIB,Empresa de Transporte integrado de Bogotá – ETIB S.A.S.,Bosa,BOSA,Zonal,nearest_southwest_electric_depot_proxy,low,10391,GA501,3255.3181818181815,251531.9090909091,0.012941969047122522,0.4012010404607982,72.41678780317407,False,True,True,Operator-route shares from March 2026 SITP zonal validation profiles.
PZ052,Perdomo,ETIB,Empresa de Transporte integrado de Bogotá – ETIB S.A.S.,Bosa,BOSA,Zonal,nearest_southwest_electric_depot_proxy,low,10393,634,7168.318181818182,251531.9090909091,0.02849864340363829,0.883457945512787,159.46415916505805,False,True,True,Operator-route shares from March 2026 SITP zonal validation profiles.
PZ052,Perdomo,ETIB,Empresa de Transporte integrado de Bogotá – ETIB S.A.S.,Bosa,BOSA,Zonal,nearest_southwest_electric_depot_proxy,low,10396,P24,7881.909090909091,251531.9090909091,0.0313356230602949,0.9714043148691419,175.33847883388012,False,True,True,Operator-route shares from March 2026 SITP zonal validation profiles.
PZ052,Perdomo,ETIB,Empresa de Transporte integrado de Bogotá – ETIB S.A.S.,Bosa,BOSA,Zonal,nearest_southwest_electric_depot_proxy,low,10399,580,8116.454545454545,251531.9090909091,0.032268091053692445,1.0003108226644657,180.55610349093607,False,True,True,Operator-route shares from March 2026 SITP zonal validation profiles.
PZ052,Perdomo,ETIB,Empresa de Transporte integrado de Bogotá – ETIB S.A.S.,Bosa,BOSA,Zonal,nearest_southwest_electric_depot_proxy,low,10402,731,8083.590909090909,251531.9090909091,0.03213743710810593,0.9962605503512839,179.82502933840675,False,True,True,Operator-route shares from March 2026 SITP zonal validation profiles.
PZ052,Perdomo,ETIB,Empresa de Transporte integrado de Bogotá – ETIB S.A.S.,Bosa,BOSA,Zonal,nearest_southwest_electric_depot_proxy,low,10404,56A,3164.272727272727,251531.9090909091,0.012580005211700954,0.3899801615627296,70.39141916207268,False,True,True,Operator-route shares from March 2026 SITP zonal validation profiles.
PZ052,Perdomo,ETIB,Empresa de Transporte integrado de Bogotá – ETIB S.A.S.,Bosa,BOSA,Zonal,nearest_southwest_electric_depot_proxy,low,10415,GH521,6300.636363636364,251531.9090909091,0.02504905396062166,0.7765206727792715,140.1619814366585,False,True,True,Operator-route shares from March 2026 SITP zonal validation profiles.
PZ052,Perdomo,ETIB,Empresa de Transporte integrado de Bogotá – ETIB S.A.S.,Bosa,BOSA,Zonal,nearest_southwest_electric_depot_proxy,low,10424,927,7718.181818181818,251531.9090909091,0.03068470257343095,0.9512257797763595,171.6962532496329,False,True,True,Operator-route shares from March 2026 SITP zonal validation profiles.
PZ052,Perdomo,ETIB,Empresa de Transporte integrado de Bogotá – ETIB S.A.S.,Bosa,BOSA,Zonal,nearest_southwest_electric_depot_proxy,low,10428,HA620,3901.5454545454545,251531.9090909091,0.015511135221954488,0.48084519188058916,86.79255713444634,False,True,True,Operator-route shares from March 2026 SITP zonal validation profiles.
PZ052,Perdomo,ETIB,Empresa de Transporte integrado de Bogotá – ETIB S.A.S.,Bosa,BOSA,Zonal,nearest_southwest_electric_depot_proxy,low,10432,GG524,4164.272727272727,251531.9090909091,0.01655564394324089,0.5132249622404675,92.6371056844044,False,True,True,Operator-route shares from March 2026 SITP zonal validation profiles.
PZ052,Perdomo,ETIB,Empresa de Transporte integrado de Bogotá – ETIB S.A.S.,Bosa,BOSA,Zonal,nearest_southwest_electric_depot_proxy,low,10557,GA506,1708.4545454545455,251531.9090909091,0.006792198061984545,0.2105581399215209,38.00574425583452,False,True,True,Operator-route shares from March 2026 SITP zonal validation profiles.
PZ052,Perdomo,ETIB,Empresa de Transporte integrado de Bogotá – ETIB S.A.S.,Bosa,BOSA,Zonal,nearest_southwest_electric_depot_proxy,low,10558,C701,8660.090909090908,251531.9090909091,0.0344293928368387,1.0673111779419997,192.64966761853094,True,True,True,Operator-route shares from March 2026 SITP zonal validation profiles.
PZ052,Perdomo,ETIB,Empresa de Transporte integrado de Bogotá – ETIB S.A.S.,Bosa,BOSA,Zonal,nearest_southwest_electric_depot_proxy,low,10559,GA518,3896.0,251531.9090909091,0.015489088498079586,0.4801617434404672,86.66919469100432,False,True,True,Operator-route shares from March 2026 SITP zonal validation profiles.
PZ052,Perdomo,ETIB,Empresa de Transporte integrado de Bogotá – ETIB S.A.S.,Bosa,BOSA,Zonal,nearest_southwest_electric_depot_proxy,low,10560,GL517,8517.318181818182,251531.9090909091,0.03386178005248566,1.0497151816270556,189.47359028368354,False,False,False,Operator-route shares from March 2026 SITP zonal validation profiles.
PZ052,Perdomo,ETIB,Empresa de Transporte integrado de Bogotá – ETIB S.A.S.,Bosa,BOSA,Zonal,nearest_southwest_electric_depot_proxy,low,10561,E16A,6935.545454545455,251531.9090909091,0.027573223133446654,0.8547699171368462,154.28597004320076,False,True,True,Operator-route shares from March 2026 SITP zonal validation profiles.
PZ052,Perdomo,ETIB,Empresa de Transporte integrado de Bogotá – ETIB S.A.S.,Bosa,BOSA,Zonal,nearest_southwest_electric_depot_proxy,low,10563,HA642,2035.409090909091,251531.9090909091,0.008092051216346671,0.2508535877067468,45.279072581067794,False,True,True,Operator-route shares from March 2026 SITP zonal validation profiles.
PZ052,Perdomo,ETIB,Empresa de Transporte integrado de Bogotá – ETIB S.A.S.,Bosa,BOSA,Zonal,nearest_southwest_electric_depot_proxy,low,10566,10-6,3268.909090909091,251531.9090909091,0.01299600159170118,0.4028760493427366,72.71912690636395,False,True,True,Operator-route shares from March 2026 SITP zonal validation profiles.
PZ052,Perdomo,ETIB,Empresa de Transporte integrado de Bogotá – ETIB S.A.S.,Bosa,BOSA,Zonal,nearest_southwest_electric_depot_proxy,low,10567,12-1,2426.2272727272725,251531.9090909091,0.009645803116973049,0.2990198966261645,53.973091341022695,False,True,True,Operator-route shares from March 2026 SITP zonal validation profiles.
PZ052,Perdomo,ETIB,Empresa de Transporte integrado de Bogotá – ETIB S.A.S.,Bosa,BOSA,Zonal,nearest_southwest_electric_depot_proxy,low,10568,GG514,3766.318181818182,251531.9090909091,0.01497352043893943,0.4641791336071224,83.78433361608559,False,True,True,Operator-route shares from March 2026 SITP zonal validation profiles.
PZ052,Perdomo,ETIB,Empresa de Transporte integrado de Bogotá – ETIB S.A.S.,Bosa,BOSA,Zonal,nearest_southwest_electric_depot_proxy,low,10570,HH622,2034.3636363636363,251531.9090909091,0.008087894866763696,0.25072474086967456,45.25581572697626,False,True,True,Operator-route shares from March 2026 SITP zonal validation profiles.
PZ052,Perdomo,ETIB,Empresa de Transporte integrado de Bogotá – ETIB S.A.S.,Bosa,BOSA,Zonal,nearest_southwest_electric_depot_proxy,low,10649,GH543,1420.090909090909,251531.9090909091,0.005645768420489574,0.1750188210351768,31.590897196849415,False,True,True,Operator-route shares from March 2026 SITP zonal validation profiles.
PZ052,Perdomo,ETIB,Empresa de Transporte integrado de Bogotá – ETIB S.A.S.,Bosa,BOSA,Zonal,nearest_southwest_electric_depot_proxy,low,10663,HL602,7142.636363636364,251531.9090909091,0.028396541772578287,0.8802927949499268,158.8928494884618,False,True,True,Operator-route shares from March 2026 SITP zonal validation profiles.
PZ052,Perdomo,ETIB,Empresa de Transporte integrado de Bogotá – ETIB S.A.S.,Bosa,BOSA,Zonal,nearest_southwest_electric_depot_proxy,low,10664,GK502,2420.0454545454545,251531.9090909091,0.009621226441178075,0.2982580196765203,53.83557255161192,True,True,True,Operator-route shares from March 2026 SITP zonal validation profiles.
PZ052,Perdomo,ETIB,Empresa de Transporte integrado de Bogotá – ETIB S.A.S.,Bosa,BOSA,Zonal,nearest_southwest_electric_depot_proxy,low,10666,GL519,4569.136363636364,251531.9090909091,0.018165235496960263,0.5631223004057682,101.64357522324116,True,True,True,Operator-route shares from March 2026 SITP zonal validation profiles.
PZ052,Perdomo,ETIB,Empresa de Transporte integrado de Bogotá – ETIB S.A.S.,Bosa,BOSA,Zonal,nearest_southwest_electric_depot_proxy,low,10667,GA537,3035.8636363636365,251531.9090909091,0.012069497056400941,0.3741544087484292,67.53487077909146,True,True,True,Operator-route shares from March 2026 SITP zonal validation profiles.
PZ052,Perdomo,ETIB,Empresa de Transporte integrado de Bogotá – ETIB S.A.S.,Bosa,BOSA,Zonal,nearest_southwest_electric_depot_proxy,low,10668,GA538,3964.227272727273,251531.9090909091,0.01576033548608147,0.4885704000685256,88.18695721236887,False,True,True,Operator-route shares from March 2026 SITP zonal validation profiles.
PZ052,Perdomo,ETIB,Empresa de Transporte integrado de Bogotá – ETIB S.A.S.,Bosa,BOSA,Zonal,nearest_southwest_electric_depot_proxy,low,10670,GA516,2233.090909090909,251531.9090909091,0.008877962709231541,0.2752168439861778,49.67664033950509,False,True,True,Operator-route shares from March 2026 SITP zonal validation profiles.
PZ052,Perdomo,ETIB,Empresa de Transporte integrado de Bogotá – ETIB S.A.S.,Bosa,BOSA,Zonal,nearest_southwest_electric_depot_proxy,low,10671,GA535,6726.590909090909,251531.9090909091,0.026742495349406238,0.8290173558315934,149.6376327276026,True,True,True,Operator-route shares from March 2026 SITP zonal validation profiles.
PZ052,Perdomo,ETIB,Empresa de Transporte integrado de Bogotá – ETIB S.A.S.,Bosa,BOSA,Zonal,nearest_southwest_electric_depot_proxy,low,10672,GA541,3809.2727272727275,251531.9090909091,0.015144292193544214,0.4694730579998706,84.73988696897665,False,True,True,Operator-route shares from March 2026 SITP zonal validation profiles.
PZ052,Perdomo,ETIB,Empresa de Transporte integrado de Bogotá – ETIB S.A.S.,Bosa,BOSA,Zonal,nearest_southwest_electric_depot_proxy,low,10673,HA611,4649.681818181818,251531.9090909091,0.01848545512570066,0.5730491088967204,103.43536415585804,True,True,True,Operator-route shares from March 2026 SITP zonal validation profiles.
PZ052,Perdomo,ETIB,Empresa de Transporte integrado de Bogotá – ETIB S.A.S.,Bosa,BOSA,Zonal,nearest_southwest_electric_depot_proxy,low,10674,C80,0.0,251531.9090909091,0.0,0.0,0.0,True,False,True,Operator-route shares from March 2026 SITP zonal validation profiles.
PZ052,Perdomo,ETIB,Empresa de Transporte integrado de Bogotá – ETIB S.A.S.,Bosa,BOSA,Zonal,nearest_southwest_electric_depot_proxy,low,10703,GH545,1477.1363636363637,251531.9090909091,0.005872560539038785,0.18204937671020233,32.85991249619152,False,True,True,Operator-route shares from March 2026 SITP zonal validation profiles.
PZ052,Perdomo,ETIB,Empresa de Transporte integrado de Bogotá – ETIB S.A.S.,Bosa,BOSA,Zonal,nearest_southwest_electric_depot_proxy,low,10705,GA567,3991.4090909090905,251531.9090909091,0.01586840057523878,0.4919204178324022,88.7916354187486,True,True,True,Operator-route shares from March 2026 SITP zonal validation profiles.
PZ052,Perdomo,ETIB,Empresa de Transporte integrado de Bogotá – ETIB S.A.S.,Bosa,BOSA,Zonal,nearest_southwest_electric_depot_proxy,low,10706,G528,1984.1363636363637,251531.9090909091,0.007888209375929532,0.2445344906538155,44.1384755630137,False,True,True,Operator-route shares from March 2026 SITP zonal validation profiles.
PZ052,Perdomo,ETIB,Empresa de Transporte integrado de Bogotá – ETIB S.A.S.,Bosa,BOSA,Zonal,nearest_southwest_electric_depot_proxy,low,10714,GA547,2495.681818181818,251531.9090909091,0.009921929297963641,0.30757980823687286,55.51815538675555,True,True,True,Operator-route shares from March 2026 SITP zonal validation profiles.
PZ052,Perdomo,ETIB,Empresa de Transporte integrado de Bogotá – ETIB S.A.S.,Bosa,BOSA,Zonal,nearest_southwest_electric_depot_proxy,low,10716,GA520,3853.0,251531.9090909091,0.015318136032623369,0.4748622170113244,85.71263017054406,False,True,True,Operator-route shares from March 2026 SITP zonal validation profiles.
PZ052,Perdomo,ETIB,Empresa de Transporte integrado de Bogotá – ETIB S.A.S.,Bosa,BOSA,Zonal,nearest_southwest_electric_depot_proxy,low,10717,HA680,3696.090909090909,251531.9090909091,0.014694322173474467,0.4555239873777085,82.22207972167638,True,True,True,Operator-route shares from March 2026 SITP zonal validation profiles.
PZ052,Perdomo,ETIB,Empresa de Transporte integrado de Bogotá – ETIB S.A.S.,Bosa,BOSA,Zonal,nearest_southwest_electric_depot_proxy,low,10718,GA587,988.5,251531.9090909091,0.0039299188861272255,0.12182748546994399,21.98986112732489,False,True,True,Operator-route shares from March 2026 SITP zonal validation profiles.
PZ052,Perdomo,ETIB,Empresa de Transporte integrado de Bogotá – ETIB S.A.S.,Bosa,BOSA,Zonal,nearest_southwest_electric_depot_proxy,low,10720,14-1.,75.36363636363636,251531.9090909091,0.0002996185916769642,0.00928817634198589,1.676515829728453,False,False,False,Operator-route shares from March 2026 SITP zonal validation profiles.
PZ052,Perdomo,ETIB,Empresa de Transporte integrado de Bogotá – ETIB S.A.S.,Bosa,BOSA,Zonal,nearest_southwest_electric_depot_proxy,low,10721,15-5.,76.13636363636364,251531.9090909091,0.000302690676151336,0.009383410960691415,1.6937056784048004,False,False,False,Operator-route shares from March 2026 SITP zonal validation profiles.
PZ039,El Refugio,GRAN AMERICAS FONTIBON,GRAN AMERICAS FONTIBON I S.A.S.,FONTIBÓN I,FONTIBON I,ALIMENTACIÓN,fontibon_i_to_el_refugio_proxy,medium,10001,17-3 MODELIA,2867.2727272727275,27565.272727272728,0.10401757151620288,12.482108581944345,2884.9273460018867,False,False,False,Operator-route shares from March 2026 SITP zonal validation profiles.
PZ039,El Refugio,GRAN AMERICAS FONTIBON,GRAN AMERICAS FONTIBON I S.A.S.,FONTIBÓN I,FONTIBON I,ALIMENTACIÓN,fontibon_i_to_el_refugio_proxy,medium,10134,16-7 LA ESTANCIA,3788.818181818182,27565.272727272728,0.13744896411162927,16.493875693395513,3812.147019636038,False,False,False,Operator-route shares from March 2026 SITP zonal validation profiles.
PZ039,El Refugio,GRAN AMERICAS FONTIBON,GRAN AMERICAS FONTIBON I S.A.S.,FONTIBÓN I,FONTIBON I,ALIMENTACIÓN,fontibon_i_to_el_refugio_proxy,medium,10135,16-8 ZONA FRANCA,4012.590909090909,27565.272727272728,0.14556688587089156,17.46802630450699,4037.2975796291776,False,False,False,Operator-route shares from March 2026 SITP zonal validation profiles.
PZ039,El Refugio,GRAN AMERICAS FONTIBON,GRAN AMERICAS FONTIBON I S.A.S.,FONTIBÓN I,FONTIBON I,ALIMENTACIÓN,fontibon_i_to_el_refugio_proxy,medium,10136,16-9 FONTIBON CENTRO,1353.7727272727273,27565.272727272728,0.049111530318120954,5.893383638174514,1362.1082933730847,False,False,False,Operator-route shares from March 2026 SITP zonal validation profiles.
PZ039,El Refugio,GRAN AMERICAS FONTIBON,GRAN AMERICAS FONTIBON I S.A.S.,FONTIBÓN I,FONTIBON I,ALIMENTACIÓN,fontibon_i_to_el_refugio_proxy,medium,10137,16-10 VILLEMAR,2292.7727272727275,27565.272727272728,0.08317613070464155,9.981135684556987,2306.8899850932335,False,False,False,Operator-route shares from March 2026 SITP zonal validation profiles.
PZ039,El Refugio,GRAN AMERICAS FONTIBON,GRAN AMERICAS FONTIBON I S.A.S.,FONTIBÓN I,FONTIBON I,ALIMENTACIÓN,fontibon_i_to_el_refugio_proxy,medium,10138,16-12 BELEN,1744.0454545454545,27565.272727272728,0.06326966077211775,7.59235929265413,1754.784041514686,False,False,False,Operator-route shares from March 2026 SITP zonal validation profiles.
PZ039,El Refugio,GRAN AMERICAS FONTIBON,GRAN AMERICAS FONTIBON I S.A.S.,FONTIBÓN I,FONTIBON I,ALIMENTACIÓN,fontibon_i_to_el_refugio_proxy,medium,10139,TC6 SAN PABLO JERICO,3619.318181818182,27565.272727272728,0.13129992282780045,15.755990739336054,3641.6033596290454,False,False,False,Operator-route shares from March 2026 SITP zonal validation profiles.
PZ039,El Refugio,GRAN AMERICAS FONTIBON,GRAN AMERICAS FONTIBON I S.A.S.,FONTIBÓN I,FONTIBON I,ALIMENTACIÓN,fontibon_i_to_el_refugio_proxy,medium,10140,K300 PUENTE GRANDE,3367.772727272727,27565.272727272728,0.1221744751301044,14.660937015612529,3388.5090677334456,False,False,False,Operator-route shares from March 2026 SITP zonal validation profiles.
PZ039,El Refugio,GRAN AMERICAS FONTIBON,GRAN AMERICAS FONTIBON I S.A.S.,FONTIBÓN I,FONTIBON I,ALIMENTACIÓN,fontibon_i_to_el_refugio_proxy,medium,10141,K301 LA FELICIDAD,2548.7272727272725,27565.272727272728,0.09246152932873378,11.095383519448053,2564.4205159324315,False,False,False,Operator-route shares from March 2026 SITP zonal validation profiles.
PZ039,El Refugio,GRAN AMERICAS FONTIBON,GRAN AMERICAS FONTIBON I S.A.S.,FONTIBÓN I,FONTIBON I,ALIMENTACIÓN,fontibon_i_to_el_refugio_proxy,medium,10142,KF333 CIUDAD ALSACIA,1970.1818181818182,27565.272727272728,0.0714733294197574,8.576799530370888,1982.3127914569714,False,False,False,Operator-route shares from March 2026 SITP zonal validation profiles.
PZ040,Aeropuerto,E SOMOS FONTIBON,E-Somos Fontibón S.A.S.,Fontibón II,FONTIBON II,Zonal,fontibon_ii_to_aeropuerto_proxy,medium,10020,KA302,8764.818181818182,40148.68181818182,0.21830899010609425,27.506932753367877,6271.580667767876,False,False,False,Operator-route shares from March 2026 SITP zonal validation profiles.
PZ040,Aeropuerto,E SOMOS FONTIBON,E-Somos Fontibón S.A.S.,Fontibón II,FONTIBON II,Zonal,fontibon_ii_to_aeropuerto_proxy,medium,10028,KL304,7485.272727272728,40148.68181818182,0.18643881662592793,23.491290894866918,5356.0143240296575,False,True,True,Operator-route shares from March 2026 SITP zonal validation profiles.
PZ040,Aeropuerto,E SOMOS FONTIBON,E-Somos Fontibón S.A.S.,Fontibón II,FONTIBON II,Zonal,fontibon_ii_to_aeropuerto_proxy,medium,10029,KB303,10861.772727272728,40148.68181818182,0.2705387134865743,34.08787789930837,7772.036161042307,False,False,False,Operator-route shares from March 2026 SITP zonal validation profiles.
PZ040,Aeropuerto,E SOMOS FONTIBON,E-Somos Fontibón S.A.S.,Fontibón II,FONTIBON II,Zonal,fontibon_ii_to_aeropuerto_proxy,medium,10030,KA305,6884.636363636364,40148.68181818182,0.1714785156537461,21.60629297237201,4926.2347977008185,False,False,False,Operator-route shares from March 2026 SITP zonal validation profiles.
PZ040,Aeropuerto,E SOMOS FONTIBON,E-Somos Fontibón S.A.S.,Fontibón II,FONTIBON II,Zonal,fontibon_ii_to_aeropuerto_proxy,medium,10032,KA334,5744.454545454546,40148.68181818182,0.14307953051781389,18.028020845244548,4110.388752715758,False,True,True,Operator-route shares from March 2026 SITP zonal validation profiles.
PZ040,Aeropuerto,E SOMOS FONTIBON,E-Somos Fontibón S.A.S.,Fontibón II,FONTIBON II,Zonal,fontibon_ii_to_aeropuerto_proxy,medium,10665,AF019,337.6818181818182,40148.68181818182,0.00841078219481903,1.0597585565471976,241.62495089276106,False,True,True,Operator-route shares from March 2026 SITP zonal validation profiles.
PZ040,Aeropuerto,E SOMOS FONTIBON,E-Somos Fontibón S.A.S.,Fontibón II,FONTIBON II,Zonal,fontibon_ii_to_aeropuerto_proxy,medium,10675,UNICENTRO,38.36363636363637,40148.68181818182,0.000955539126723282,0.12039792996713353,27.450728032506444,False,False,False,Operator-route shares from March 2026 SITP zonal validation profiles.
PZ040,Aeropuerto,E SOMOS FONTIBON,E-Somos Fontibón S.A.S.,Fontibón II,FONTIBON II,Zonal,fontibon_ii_to_aeropuerto_proxy,medium,10676,SEPTIMAZO,18.636363636363633,40148.68181818182,0.00046418369900064633,0.05848714607408144,13.335069304890569,True,False,True,Operator-route shares from March 2026 SITP zonal validation profiles.
PZ040,Aeropuerto,E SOMOS FONTIBON,E-Somos Fontibón S.A.S.,Fontibón II,FONTIBON II,Zonal,fontibon_ii_to_aeropuerto_proxy,medium,10677,1 DE MAYO,13.045454545454547,40148.68181818182,0.0003249285893004525,0.04094100225185702,9.3345485134234,False,False,False,Operator-route shares from March 2026 SITP zonal validation profiles.
PZ049,Escritorio IV,ZMO FONTIBON III,ZMO Fontibón III S.A.S.,Fontibón III,FONTIBON III,Zonal,public_anchor_fontibon_iii_escritorio_enelx,high,10033,KL328,4946.681818181818,43407.545454545456,0.11395903100215085,21.994092983415115,4338.021453643375,False,False,False,Operator-route shares from March 2026 SITP zonal validation profiles.
PZ049,Escritorio IV,ZMO FONTIBON III,ZMO Fontibón III S.A.S.,Fontibón III,FONTIBON III,Zonal,public_anchor_fontibon_iii_escritorio_enelx,high,10036,KL312,8787.363636363636,43407.545454545456,0.20243862085142297,39.07065382432464,7706.129760640692,True,False,True,Operator-route shares from March 2026 SITP zonal validation profiles.
PZ049,Escritorio IV,ZMO FONTIBON III,ZMO Fontibón III S.A.S.,Fontibón III,FONTIBON III,Zonal,public_anchor_fontibon_iii_escritorio_enelx,high,10037,KH317,5259.818181818182,43407.545454545456,0.12117290039645391,23.386369776515604,4612.628212941613,False,False,False,Operator-route shares from March 2026 SITP zonal validation profiles.
PZ049,Escritorio IV,ZMO FONTIBON III,ZMO Fontibón III S.A.S.,Fontibón III,FONTIBON III,Zonal,public_anchor_fontibon_iii_escritorio_enelx,high,10038,KH308,7901.363636363636,43407.545454545456,0.1820274229658438,35.13129263240785,6929.146896329293,False,False,False,Operator-route shares from March 2026 SITP zonal validation profiles.
PZ049,Escritorio IV,ZMO FONTIBON III,ZMO Fontibón III S.A.S.,Fontibón III,FONTIBON III,Zonal,public_anchor_fontibon_iii_escritorio_enelx,high,10039,KB326,4128.0,43407.545454545456,0.09509867367005737,18.354044018321073,3620.0736612612386,True,True,True,Operator-route shares from March 2026 SITP zonal validation profiles.
PZ049,Escritorio IV,ZMO FONTIBON III,ZMO Fontibón III S.A.S.,Fontibón III,FONTIBON III,Zonal,public_anchor_fontibon_iii_escritorio_enelx,high,10040,KA324,6241.5,43407.545454545456,0.14378836524022845,27.75115449136409,5473.519805417156,False,True,True,Operator-route shares from March 2026 SITP zonal validation profiles.
PZ049,Escritorio IV,ZMO FONTIBON III,ZMO Fontibón III S.A.S.,Fontibón III,FONTIBON III,Zonal,public_anchor_fontibon_iii_escritorio_enelx,high,10041,KL329,5147.545454545454,43407.545454545456,0.11858642087781134,22.887179229417587,4514.169990345205,False,False,False,Operator-route shares from March 2026 SITP zonal validation profiles.
PZ049,Escritorio IV,ZMO FONTIBON III,ZMO Fontibón III S.A.S.,Fontibón III,FONTIBON III,Zonal,public_anchor_fontibon_iii_escritorio_enelx,high,10162,KA332,109.68181818181817,43407.545454545456,0.002526791529750797,0.48767076524190384,96.18610976725871,False,True,True,Operator-route shares from March 2026 SITP zonal validation profiles.
PZ049,Escritorio IV,ZMO FONTIBON III,ZMO Fontibón III S.A.S.,Fontibón III,FONTIBON III,Zonal,public_anchor_fontibon_iii_escritorio_enelx,high,10580,AA003,885.5909090909091,43407.545454545456,0.020401773466280474,3.9375422789921317,776.6241096541656,True,True,True,Operator-route shares from March 2026 SITP zonal validation profiles.
PZ047,Venecia,MUEVE FONTIBON,Mueve Fontibón S.A.S.,Fontibón IV,FONTIBON IV,Zonal,fontibon_iv_to_venecia_proxy,medium,10084,KC315,9215.681818181818,52115.86363636363,0.17683064570288753,30.414871060896655,6187.039047175481,False,False,False,Operator-route shares from March 2026 SITP zonal validation profiles.
PZ047,Venecia,MUEVE FONTIBON,Mueve Fontibón S.A.S.,Fontibón IV,FONTIBON IV,Zonal,fontibon_iv_to_venecia_proxy,medium,10085,KH322,6142.090909090909,52115.86363636363,0.11785453565438547,20.2709801325543,4123.553420743466,False,False,False,Operator-route shares from March 2026 SITP zonal validation profiles.
PZ047,Venecia,MUEVE FONTIBON,Mueve Fontibón S.A.S.,Fontibón IV,FONTIBON IV,Zonal,fontibon_iv_to_venecia_proxy,medium,10086,KC321,8825.59090909091,52115.86363636363,0.16934557528723154,29.127438949403825,5925.147660937301,False,False,False,Operator-route shares from March 2026 SITP zonal validation profiles.
PZ047,Venecia,MUEVE FONTIBON,Mueve Fontibón S.A.S.,Fontibón IV,FONTIBON IV,Zonal,fontibon_iv_to_venecia_proxy,medium,10087,KC323,10334.5,52115.86363636363,0.1982985463333883,34.10734996934279,6938.1686883857565,False,False,False,Operator-route shares from March 2026 SITP zonal validation profiles.
PZ047,Venecia,MUEVE FONTIBON,Mueve Fontibón S.A.S.,Fontibón IV,FONTIBON IV,Zonal,fontibon_iv_to_venecia_proxy,medium,10088,KA319,8682.0,52115.86363636363,0.16659035069587083,28.65354031968978,5828.7464853224765,False,True,True,Operator-route shares from March 2026 SITP zonal validation profiles.
PZ047,Venecia,MUEVE FONTIBON,Mueve Fontibón S.A.S.,Fontibón IV,FONTIBON IV,Zonal,fontibon_iv_to_venecia_proxy,medium,10089,KA306,7423.545454545454,52115.86363636363,0.14244310535354354,24.50021412080949,4983.8705916624585,False,True,True,Operator-route shares from March 2026 SITP zonal validation profiles.
PZ047,Venecia,MUEVE FONTIBON,Mueve Fontibón S.A.S.,Fontibón IV,FONTIBON IV,Zonal,fontibon_iv_to_venecia_proxy,medium,10645,BD995,1421.6363636363635,52115.86363636363,0.02727838060126519,4.691881463417612,954.4296196673671,False,True,True,Operator-route shares from March 2026 SITP zonal validation profiles.
PZ047,Venecia,MUEVE FONTIBON,Mueve Fontibón S.A.S.,Fontibón IV,FONTIBON IV,Zonal,fontibon_iv_to_venecia_proxy,medium,10675,UNICENTRO,41.59090909090909,52115.86363636363,0.0007980470088936453,0.137264085529707,27.92246777067531,False,False,False,Operator-route shares from March 2026 SITP zonal validation profiles.
PZ047,Venecia,MUEVE FONTIBON,Mueve Fontibón S.A.S.,Fontibón IV,FONTIBON IV,Zonal,fontibon_iv_to_venecia_proxy,medium,10676,SEPTIMAZO,12.272727272727273,52115.86363636363,0.00023548928131287894,0.04050415638581518,8.239416719215665,True,False,True,Operator-route shares from March 2026 SITP zonal validation profiles.
PZ047,Venecia,MUEVE FONTIBON,Mueve Fontibón S.A.S.,Fontibón IV,FONTIBON IV,Zonal,fontibon_iv_to_venecia_proxy,medium,10677,1 DE MAYO,16.954545454545453,52115.86363636363,0.0003253240812211253,0.05595574197003355,11.382601615805342,False,False,False,Operator-route shares from March 2026 SITP zonal validation profiles.
PZ048,Venecia,ZMO FONTIBON V,ZMO Fontibón V S.A.S.,Fontibón V,FONTIBON V,Zonal,fontibon_v_to_venecia_ii_proxy,medium,10038,KH308,4.2727272727272725,56520.86363636363,7.559557653288126e-05,0.016101857801503708,3.146968255487314,False,False,False,Operator-route shares from March 2026 SITP zonal validation profiles.
PZ048,Venecia,ZMO FONTIBON V,ZMO Fontibón V S.A.S.,Fontibón V,FONTIBON V,Zonal,fontibon_v_to_venecia_ii_proxy,medium,10162,KA332,8622.818181818182,56520.86363636363,0.1525599155259643,32.49526200703039,6350.916723430368,False,True,True,Operator-route shares from March 2026 SITP zonal validation profiles.
PZ048,Venecia,ZMO FONTIBON V,ZMO Fontibón V S.A.S.,Fontibón V,FONTIBON V,Zonal,fontibon_v_to_venecia_ii_proxy,medium,10164,KL331,7795.681818181818,56520.86363636363,0.13792573780076384,29.378182151562697,5741.710538907998,False,False,False,Operator-route shares from March 2026 SITP zonal validation profiles.
PZ048,Venecia,ZMO FONTIBON V,ZMO Fontibón V S.A.S.,Fontibón V,FONTIBON V,Zonal,fontibon_v_to_venecia_ii_proxy,medium,10165,KH327,5743.181818181818,56520.86363636363,0.10161171377584625,21.643295034255253,4229.994032774704,False,False,False,Operator-route shares from March 2026 SITP zonal validation profiles.
PZ048,Venecia,ZMO FONTIBON V,ZMO Fontibón V S.A.S.,Fontibón V,FONTIBON V,Zonal,fontibon_v_to_venecia_ii_proxy,medium,10167,KG311,5291.227272727273,56520.86363636363,0.09361547103684159,19.94009533084726,3897.1184437926786,False,False,False,Operator-route shares from March 2026 SITP zonal validation profiles.
PZ048,Venecia,ZMO FONTIBON V,ZMO Fontibón V S.A.S.,Fontibón V,FONTIBON V,Zonal,fontibon_v_to_venecia_ii_proxy,medium,10169,KL325,6847.818181818182,56520.86363636363,0.12115558293437903,25.806139165022735,5043.585761975265,False,False,False,Operator-route shares from March 2026 SITP zonal validation profiles.
PZ048,Venecia,ZMO FONTIBON V,ZMO Fontibón V S.A.S.,Fontibón V,FONTIBON V,Zonal,fontibon_v_to_venecia_ii_proxy,medium,10170,KH318,11325.5,56520.86363636363,0.20037733451605563,42.68037225191985,8341.50805856888,False,False,False,Operator-route shares from March 2026 SITP zonal validation profiles.
PZ048,Venecia,ZMO FONTIBON V,ZMO Fontibón V S.A.S.,Fontibón V,FONTIBON V,Zonal,fontibon_v_to_venecia_ii_proxy,medium,10171,KB314,10890.363636363636,56520.86363636363,0.19267864883361654,41.040552201560324,8021.0194722946235,False,False,False,Operator-route shares from March 2026 SITP zonal validation profiles.
PZ040,Aeropuerto,MASIVO CAPITAL,Masivo Capital S.A.S.,Kennedy,KENNEDY,Zonal,nearest_western_electric_depot_proxy,low,10174,19-2,1641.590909090909,262797.45454545453,0.006246601253921098,0.006246601253921098,1.4242250858940102,True,True,True,Operator-route shares from March 2026 SITP zonal validation profiles.
PZ040,Aeropuerto,MASIVO CAPITAL,Masivo Capital S.A.S.,Kennedy,KENNEDY,Zonal,nearest_western_electric_depot_proxy,low,10178,19-12,3811.4545454545455,262797.45454545453,0.014503392173440176,0.014503392173440176,3.30677341554436,False,True,True,Operator-route shares from March 2026 SITP zonal validation profiles.
PZ040,Aeropuerto,MASIVO CAPITAL,Masivo Capital S.A.S.,Kennedy,KENNEDY,Zonal,nearest_western_electric_depot_proxy,low,10183,19-10,780.4090909090909,262797.45454545453,0.00296962195565752,0.00296962195565752,0.6770738058899146,True,True,True,Operator-route shares from March 2026 SITP zonal validation profiles.
PZ040,Aeropuerto,MASIVO CAPITAL,Masivo Capital S.A.S.,Kennedy,KENNEDY,Zonal,nearest_western_electric_depot_proxy,low,10185,T52,2956.818181818182,262797.45454545453,0.011251319716670842,0.011251319716670842,2.5653008954009517,False,True,True,Operator-route shares from March 2026 SITP zonal validation profiles.
PZ040,Aeropuerto,MASIVO CAPITAL,Masivo Capital S.A.S.,Kennedy,KENNEDY,Zonal,nearest_western_electric_depot_proxy,low,10189,T55,1845.0454545454545,262797.45454545453,0.007020788910367197,0.007020788910367197,1.6007398715637209,False,True,True,Operator-route shares from March 2026 SITP zonal validation profiles.
PZ040,Aeropuerto,MASIVO CAPITAL,Masivo Capital S.A.S.,Kennedy,KENNEDY,Zonal,nearest_western_electric_depot_proxy,low,10190,19-7,3450.4545454545455,262797.45454545453,0.013129710679361776,0.013129710679361776,2.993574034894485,False,True,True,Operator-route shares from March 2026 SITP zonal validation profiles.
PZ040,Aeropuerto,MASIVO CAPITAL,Masivo Capital S.A.S.,Kennedy,KENNEDY,Zonal,nearest_western_electric_depot_proxy,low,10191,T62,4383.363636363636,262797.45454545453,0.016679627448999784,0.016679627448999784,3.8029550583719507,False,True,True,Operator-route shares from March 2026 SITP zonal validation profiles.
PZ040,Aeropuerto,MASIVO CAPITAL,Masivo Capital S.A.S.,Kennedy,KENNEDY,Zonal,nearest_western_electric_depot_proxy,low,10192,19-11,947.8181818181818,262797.45454545453,0.0036066490197082302,0.0036066490197082302,0.8223159764934765,False,True,True,Operator-route shares from March 2026 SITP zonal validation profiles.
PZ040,Aeropuerto,MASIVO CAPITAL,Masivo Capital S.A.S.,Kennedy,KENNEDY,Zonal,nearest_western_electric_depot_proxy,low,10197,T08,446.2727272727273,262797.45454545453,0.0016981622902117498,0.0016981622902117498,0.38718100216827894,False,True,True,Operator-route shares from March 2026 SITP zonal validation profiles.
PZ040,Aeropuerto,MASIVO CAPITAL,Masivo Capital S.A.S.,Kennedy,KENNEDY,Zonal,nearest_western_electric_depot_proxy,low,10200,CB100,669.0454545454545,262797.45454545453,0.0025458597219012776,0.0025458597219012776,0.5804560165934913,False,True,True,Operator-route shares from March 2026 SITP zonal validation profiles.
PZ040,Aeropuerto,MASIVO CAPITAL,Masivo Capital S.A.S.,Kennedy,KENNEDY,Zonal,nearest_western_electric_depot_proxy,low,10206,CG157,7025.045454545455,262797.45454545453,0.026731786526228984,0.026731786526228984,6.094847327980208,False,False,False,Operator-route shares from March 2026 SITP zonal validation profiles.
PZ040,Aeropuerto,MASIVO CAPITAL,Masivo Capital S.A.S.,Kennedy,KENNEDY,Zonal,nearest_western_electric_depot_proxy,low,10207,CC146,550.1363636363636,262797.45454545453,0.002093385434755837,0.002093385434755837,0.4772918791243308,False,True,True,Operator-route shares from March 2026 SITP zonal validation profiles.
PZ040,Aeropuerto,MASIVO CAPITAL,Masivo Capital S.A.S.,Kennedy,KENNEDY,Zonal,nearest_western_electric_depot_proxy,low,10208,FC404,7838.318181818182,262797.45454545453,0.029826461581888855,0.029826461581888855,6.800433240670659,False,False,False,Operator-route shares from March 2026 SITP zonal validation profiles.
PZ040,Aeropuerto,MASIVO CAPITAL,Masivo Capital S.A.S.,Kennedy,KENNEDY,Zonal,nearest_western_electric_depot_proxy,low,10209,CC160,90.5,262797.45454545453,0.00034437167649333813,0.00034437167649333813,0.0785167422404811,False,True,True,Operator-route shares from March 2026 SITP zonal validation profiles.
PZ040,Aeropuerto,MASIVO CAPITAL,Masivo Capital S.A.S.,Kennedy,KENNEDY,Zonal,nearest_western_electric_depot_proxy,low,10215,CA103,5459.363636363636,262797.45454545453,0.0207740354479703,0.0207740354479703,4.736480082137228,False,True,True,Operator-route shares from March 2026 SITP zonal validation profiles.
PZ040,Aeropuerto,MASIVO CAPITAL,Masivo Capital S.A.S.,Kennedy,KENNEDY,Zonal,nearest_western_electric_depot_proxy,low,10229,GC509,11776.454545454546,262797.45454545453,0.044811904916748885,0.044811904916748885,10.217114321018746,False,False,False,Operator-route shares from March 2026 SITP zonal validation profiles.
PZ040,Aeropuerto,MASIVO CAPITAL,Masivo Capital S.A.S.,Kennedy,KENNEDY,Zonal,nearest_western_electric_depot_proxy,low,10241,GA507,4961.272727272727,262797.45454545453,0.018878693995929115,0.018878693995929115,4.304342231071838,False,True,True,Operator-route shares from March 2026 SITP zonal validation profiles.
PZ040,Aeropuerto,MASIVO CAPITAL,Masivo Capital S.A.S.,Kennedy,KENNEDY,Zonal,nearest_western_electric_depot_proxy,low,10245,FF402,3071.227272727273,262797.45454545453,0.01168667055028899,0.01168667055028899,2.6645608854658898,True,True,True,Operator-route shares from March 2026 SITP zonal validation profiles.
PZ040,Aeropuerto,MASIVO CAPITAL,Masivo Capital S.A.S.,Kennedy,KENNEDY,Zonal,nearest_western_electric_depot_proxy,low,10246,T53,1720.3636363636365,262797.45454545453,0.0065463481727372486,0.0065463481727372486,1.4925673833840927,False,True,True,Operator-route shares from March 2026 SITP zonal validation profiles.
PZ040,Aeropuerto,MASIVO CAPITAL,Masivo Capital S.A.S.,Kennedy,KENNEDY,Zonal,nearest_western_electric_depot_proxy,low,10247,39,5316.363636363636,262797.45454545453,0.020229890146991877,0.020229890146991877,4.612414953514148,False,True,True,Operator-route shares from March 2026 SITP zonal validation profiles.
PZ040,Aeropuerto,MASIVO CAPITAL,Masivo Capital S.A.S.,Kennedy,KENNEDY,Zonal,nearest_western_electric_depot_proxy,low,10250,CA117,5155.5,262797.45454545453,0.01961776992443541,0.01961776992443541,4.472851542771274,False,True,True,Operator-route shares from March 2026 SITP zonal validation profiles.
PZ040,Aeropuerto,MASIVO CAPITAL,Masivo Capital S.A.S.,Kennedy,KENNEDY,Zonal,nearest_western_electric_depot_proxy,low,10259,579,8051.090909090909,262797.45454545453,0.03063610689462884,0.03063610689462884,6.985032371975375,False,True,True,Operator-route shares from March 2026 SITP zonal validation profiles.
PZ040,Aeropuerto,MASIVO CAPITAL,Masivo Capital S.A.S.,Kennedy,KENNEDY,Zonal,nearest_western_electric_depot_proxy,low,10262,953,3465.1363636363635,262797.45454545453,0.013185578108546783,0.013185578108546783,3.0063118087486664,False,True,True,Operator-route shares from March 2026 SITP zonal validation profiles.
PZ040,Aeropuerto,MASIVO CAPITAL,Masivo Capital S.A.S.,Kennedy,KENNEDY,Zonal,nearest_western_electric_depot_proxy,low,10267,T11,10992.454545454546,262797.45454545453,0.04182861879110494,0.04182861879110494,9.536925084371926,True,True,True,Operator-route shares from March 2026 SITP zonal validation profiles.
PZ040,Aeropuerto,MASIVO CAPITAL,Masivo Capital S.A.S.,Kennedy,KENNEDY,Zonal,nearest_western_electric_depot_proxy,low,10277,166,5559.363636363636,262797.45454545453,0.0211545566374657,0.0211545566374657,4.82323891334218,False,True,True,Operator-route shares from March 2026 SITP zonal validation profiles.
PZ040,Aeropuerto,MASIVO CAPITAL,Masivo Capital S.A.S.,Kennedy,KENNEDY,Zonal,nearest_western_electric_depot_proxy,low,10285,FC401,5779.363636363636,262797.45454545453,0.021991703254355583,0.021991703254355583,5.014108341993073,False,False,False,Operator-route shares from March 2026 SITP zonal validation profiles.
PZ040,Aeropuerto,MASIVO CAPITAL,Masivo Capital S.A.S.,Kennedy,KENNEDY,Zonal,nearest_western_electric_depot_proxy,low,10290,FH733,4083.363636363636,262797.45454545453,0.015538063880513578,0.015538063880513578,3.5426785647570957,True,False,True,Operator-route shares from March 2026 SITP zonal validation profiles.
PZ040,Aeropuerto,MASIVO CAPITAL,Masivo Capital S.A.S.,Kennedy,KENNEDY,Zonal,nearest_western_electric_depot_proxy,low,10294,TC30,5527.681818181818,262797.45454545453,0.021034000606066475,0.021034000606066475,4.795752138183157,True,True,True,Operator-route shares from March 2026 SITP zonal validation profiles.
PZ040,Aeropuerto,MASIVO CAPITAL,Masivo Capital S.A.S.,Kennedy,KENNEDY,Zonal,nearest_western_electric_depot_proxy,low,10296,8-10,2747.6363636363635,262797.45454545453,0.01045533857391728,0.01045533857391728,2.38381719485314,True,True,True,Operator-route shares from March 2026 SITP zonal validation profiles.
PZ040,Aeropuerto,MASIVO CAPITAL,Masivo Capital S.A.S.,Kennedy,KENNEDY,Zonal,nearest_western_electric_depot_proxy,low,10300,E61,2198.4545454545455,262797.45454545453,0.008365585386879353,0.008365585386879353,1.9073534682084925,False,True,True,Operator-route shares from March 2026 SITP zonal validation profiles.
PZ040,Aeropuerto,MASIVO CAPITAL,Masivo Capital S.A.S.,Kennedy,KENNEDY,Zonal,nearest_western_electric_depot_proxy,low,10302,CG156,3919.318181818182,262797.45454545453,0.01491383616556408,0.01491383616556408,3.4003546457486102,True,False,True,Operator-route shares from March 2026 SITP zonal validation profiles.
PZ040,Aeropuerto,MASIVO CAPITAL,Masivo Capital S.A.S.,Kennedy,KENNEDY,Zonal,nearest_western_electric_depot_proxy,low,10318,P7,7565.045454545455,262797.45454545453,0.028786600949504148,0.028786600949504148,6.563345016486946,False,True,True,Operator-route shares from March 2026 SITP zonal validation profiles.
PZ040,Aeropuerto,MASIVO CAPITAL,Masivo Capital S.A.S.,Kennedy,KENNEDY,Zonal,nearest_western_electric_depot_proxy,low,10325,576,2610.818181818182,262797.45454545453,0.009934716401016754,0.009934716401016754,2.2651153394318198,False,True,True,Operator-route shares from March 2026 SITP zonal validation profiles.
PZ040,Aeropuerto,MASIVO CAPITAL,Masivo Capital S.A.S.,Kennedy,KENNEDY,Zonal,nearest_western_electric_depot_proxy,low,10348,GG525,1459.1363636363637,262797.45454545453,0.005552323047269035,0.005552323047269035,1.26592965477734,True,True,True,Operator-route shares from March 2026 SITP zonal validation profiles.
PZ040,Aeropuerto,MASIVO CAPITAL,Masivo Capital S.A.S.,Kennedy,KENNEDY,Zonal,nearest_western_electric_depot_proxy,low,10349,GK542,6368.818181818182,262797.45454545453,0.024234702702253932,0.024234702702253932,5.5255122161138965,False,True,True,Operator-route shares from March 2026 SITP zonal validation profiles.
PZ040,Aeropuerto,MASIVO CAPITAL,Masivo Capital S.A.S.,Kennedy,KENNEDY,Zonal,nearest_western_electric_depot_proxy,low,10351,GF511,6491.090909090909,262797.45454545453,0.02469997633850058,0.02469997633850058,5.631594605178132,False,True,True,Operator-route shares from March 2026 SITP zonal validation profiles.
PZ040,Aeropuerto,MASIVO CAPITAL,Masivo Capital S.A.S.,Kennedy,KENNEDY,Zonal,nearest_western_electric_depot_proxy,low,10353,GF512,6782.136363636364,262797.45454545453,0.025807465964109245,0.025807465964109245,5.884102239816908,False,True,True,Operator-route shares from March 2026 SITP zonal validation profiles.
PZ040,Aeropuerto,MASIVO CAPITAL,Masivo Capital S.A.S.,Kennedy,KENNEDY,Zonal,nearest_western_electric_depot_proxy,low,10356,FH408,9684.863636363636,262797.45454545453,0.03685295831009848,0.03685295831009848,8.402474494702453,False,False,False,Operator-route shares from March 2026 SITP zonal validation profiles.
PZ040,Aeropuerto,MASIVO CAPITAL,Masivo Capital S.A.S.,Kennedy,KENNEDY,Zonal,nearest_western_electric_depot_proxy,low,10361,FF409,3177.590909090909,262797.45454545453,0.012091406724570462,0.012091406724570462,2.7568407332020652,False,True,True,Operator-route shares from March 2026 SITP zonal validation profiles.
PZ040,Aeropuerto,MASIVO CAPITAL,Masivo Capital S.A.S.,Kennedy,KENNEDY,Zonal,nearest_western_electric_depot_proxy,low,10362,FA410,7777.727272727273,262797.45454545453,0.02959590033389005,0.02959590033389005,6.747865276126931,False,True,True,Operator-route shares from March 2026 SITP zonal validation profiles.
PZ040,Aeropuerto,MASIVO CAPITAL,Masivo Capital S.A.S.,Kennedy,KENNEDY,Zonal,nearest_western_electric_depot_proxy,low,10370,FL416,5259.409090909091,262797.45454545453,0.020013166033156542,0.020013166033156542,4.563001855559691,False,True,True,Operator-route shares from March 2026 SITP zonal validation profiles.
PZ040,Aeropuerto,MASIVO CAPITAL,Masivo Capital S.A.S.,Kennedy,KENNEDY,Zonal,nearest_western_electric_depot_proxy,low,10372,FF417,5644.363636363636,262797.45454545453,0.02147799964853679,0.02147799964853679,4.896983919866388,False,True,True,Operator-route shares from March 2026 SITP zonal validation profiles.
PZ040,Aeropuerto,MASIVO CAPITAL,Masivo Capital S.A.S.,Kennedy,KENNEDY,Zonal,nearest_western_electric_depot_proxy,low,10374,GK527,2293.7272727272725,262797.45454545453,0.008728118301962243,0.008728118301962243,1.9900109728473916,True,True,True,Operator-route shares from March 2026 SITP zonal validation profiles.
PZ040,Aeropuerto,MASIVO CAPITAL,Masivo Capital S.A.S.,Kennedy,KENNEDY,Zonal,nearest_western_electric_depot_proxy,low,10376,GH529,4807.909090909091,262797.45454545453,0.018295112862584804,0.018295112862584804,4.171285732669335,True,False,True,Operator-route shares from March 2026 SITP zonal validation profiles.
PZ040,Aeropuerto,MASIVO CAPITAL,Masivo Capital S.A.S.,Kennedy,KENNEDY,Zonal,nearest_western_electric_depot_proxy,low,10379,FA426,1476.2272727272727,262797.45454545453,0.0056173575778373395,0.0056173575778373395,1.2807575277469134,False,True,True,Operator-route shares from March 2026 SITP zonal validation profiles.
PZ040,Aeropuerto,MASIVO CAPITAL,Masivo Capital S.A.S.,Kennedy,KENNEDY,Zonal,nearest_western_electric_depot_proxy,low,10384,GL533,5304.181818181818,262797.45454545453,0.020183535747544255,0.020183535747544255,4.60184615044009,True,True,True,Operator-route shares from March 2026 SITP zonal validation profiles.
PZ040,Aeropuerto,MASIVO CAPITAL,Masivo Capital S.A.S.,Kennedy,KENNEDY,Zonal,nearest_western_electric_depot_proxy,low,10388,7,6371.954545454546,262797.45454545453,0.024246637230469926,0.024246637230469926,5.528233288547143,True,True,True,Operator-route shares from March 2026 SITP zonal validation profiles.
PZ040,Aeropuerto,MASIVO CAPITAL,Masivo Capital S.A.S.,Kennedy,KENNEDY,Zonal,nearest_western_electric_depot_proxy,low,10435,CC159,1135.6363636363637,262797.45454545453,0.004321336999251412,0.004321336999251412,0.9852648358293219,False,True,True,Operator-route shares from March 2026 SITP zonal validation profiles.
PZ040,Aeropuerto,MASIVO CAPITAL,Masivo Capital S.A.S.,Kennedy,KENNEDY,Zonal,nearest_western_electric_depot_proxy,low,10450,BC925,1003.9090909090909,262797.45454545453,0.0038200868141797417,0.0038200868141797417,0.8709797936329812,False,True,True,Operator-route shares from March 2026 SITP zonal validation profiles.
PZ040,Aeropuerto,MASIVO CAPITAL,Masivo Capital S.A.S.,Kennedy,KENNEDY,Zonal,nearest_western_electric_depot_proxy,low,10539,FF425,874.1363636363636,262797.45454545453,0.003326274088720937,0.003326274088720937,0.7583904922283736,True,True,True,Operator-route shares from March 2026 SITP zonal validation profiles.
PZ040,Aeropuerto,MASIVO CAPITAL,Masivo Capital S.A.S.,Kennedy,KENNEDY,Zonal,nearest_western_electric_depot_proxy,low,10542,FG414,590.4545454545455,262797.45454545453,0.002246804659793301,0.002246804659793301,0.5122714624328726,False,True,True,Operator-route shares from March 2026 SITP zonal validation profiles.
PZ040,Aeropuerto,MASIVO CAPITAL,Masivo Capital S.A.S.,Kennedy,KENNEDY,Zonal,nearest_western_electric_depot_proxy,low,10543,593,8770.954545454546,262797.45454545453,0.0333753405664646,0.0333753405664646,7.609577649153929,False,True,True,Operator-route shares from March 2026 SITP zonal validation profiles.
PZ040,Aeropuerto,MASIVO CAPITAL,Masivo Capital S.A.S.,Kennedy,KENNEDY,Zonal,nearest_western_electric_depot_proxy,low,10544,GA532,4151.090909090909,262797.45454545453,0.01579578050430819,0.01579578050430819,3.6014379549822677,False,True,True,Operator-route shares from March 2026 SITP zonal validation profiles.
PZ040,Aeropuerto,MASIVO CAPITAL,Masivo Capital S.A.S.,Kennedy,KENNEDY,Zonal,nearest_western_electric_depot_proxy,low,10545,C201,4062.7727272727275,262797.45454545453,0.015459711108312936,0.015459711108312936,3.5248141326953495,False,True,True,Operator-route shares from March 2026 SITP zonal validation profiles.
PZ040,Aeropuerto,MASIVO CAPITAL,Masivo Capital S.A.S.,Kennedy,KENNEDY,Zonal,nearest_western_electric_depot_proxy,low,10546,GA522,1651.3181818181818,262797.45454545453,0.006283615587808378,0.006283615587808378,1.4326643540203101,False,True,True,Operator-route shares from March 2026 SITP zonal validation profiles.
PZ040,Aeropuerto,MASIVO CAPITAL,Masivo Capital S.A.S.,Kennedy,KENNEDY,Zonal,nearest_western_electric_depot_proxy,low,10547,GG536,1200.2727272727273,262797.45454545453,0.004567292059007075,0.004567292059007075,1.041342589453613,False,True,True,Operator-route shares from March 2026 SITP zonal validation profiles.
PZ040,Aeropuerto,MASIVO CAPITAL,Masivo Capital S.A.S.,Kennedy,KENNEDY,Zonal,nearest_western_electric_depot_proxy,low,10549,GH530,4857.818181818182,262797.45454545453,0.01848502752897842,0.01848502752897842,4.21458627660708,False,False,False,Operator-route shares from March 2026 SITP zonal validation profiles.
PZ040,Aeropuerto,MASIVO CAPITAL,Masivo Capital S.A.S.,Kennedy,KENNEDY,Zonal,nearest_western_electric_depot_proxy,low,10654,AG018,876.4090909090909,262797.45454545453,0.003334922297573105,0.003334922297573105,0.7603622838466679,False,True,True,Operator-route shares from March 2026 SITP zonal validation profiles.
PZ040,Aeropuerto,MASIVO CAPITAL,Masivo Capital S.A.S.,Kennedy,KENNEDY,Zonal,nearest_western_electric_depot_proxy,low,10655,CB913,1464.3181818181818,262797.45454545453,0.005572040963451977,0.005572040963451977,1.2704253396670508,False,True,True,Operator-route shares from March 2026 SITP zonal validation profiles.
PZ040,Aeropuerto,MASIVO CAPITAL,Masivo Capital S.A.S.,Kennedy,KENNEDY,Zonal,nearest_western_electric_depot_proxy,low,10659,BG902,9369.454545454546,262797.45454545453,0.035652759885594576,0.035652759885594576,8.128829253915564,True,True,True,Operator-route shares from March 2026 SITP zonal validation profiles.
PZ040,Aeropuerto,MASIVO CAPITAL,Masivo Capital S.A.S.,Kennedy,KENNEDY,Zonal,nearest_western_electric_depot_proxy,low,10660,T163,10196.454545454546,262797.45454545453,0.03879967012272155,0.03879967012272155,8.846324787980514,True,True,True,Operator-route shares from March 2026 SITP zonal validation profiles.
PZ040,Aeropuerto,MASIVO CAPITAL,Masivo Capital S.A.S.,Kennedy,KENNEDY,Zonal,nearest_western_electric_depot_proxy,low,10712,GF546,3296.7727272727275,262797.45454545453,0.012544918796778163,0.012544918796778163,2.860241485665421,False,True,True,Operator-route shares from March 2026 SITP zonal validation profiles.
PZ006,Perdomo I,ETIB,EMPRESA DE TRANSPORTE INTEGRADO DE BOGOTÁ – ETIB S.A.S.,PERDOMO I,PERDOMO I,ALIMENTACIÓN,zone_name_to_perdomo_i,high,10173,GK505,2756.2272727272725,251531.9090909091,0.010957763898381228,0.14245093067895595,36.75234011517064,False,True,True,Operator-route shares from March 2026 SITP zonal validation profiles.
PZ006,Perdomo I,ETIB,EMPRESA DE TRANSPORTE INTEGRADO DE BOGOTÁ – ETIB S.A.S.,PERDOMO I,PERDOMO I,ALIMENTACIÓN,zone_name_to_perdomo_i,high,10182,544A,3748.2727272727275,251531.9090909091,0.014901778230920279,0.19372311700196362,49.98056418650661,True,True,True,Operator-route shares from March 2026 SITP zonal validation profiles.
PZ006,Perdomo I,ETIB,EMPRESA DE TRANSPORTE INTEGRADO DE BOGOTÁ – ETIB S.A.S.,PERDOMO I,PERDOMO I,ALIMENTACIÓN,zone_name_to_perdomo_i,high,10187,C15,7252.090909090909,251531.9090909091,0.028831693502830474,0.37481201553679616,96.70150000849341,False,True,True,Operator-route shares from March 2026 SITP zonal validation profiles.
PZ006,Perdomo I,ETIB,EMPRESA DE TRANSPORTE INTEGRADO DE BOGOTÁ – ETIB S.A.S.,PERDOMO I,PERDOMO I,ALIMENTACIÓN,zone_name_to_perdomo_i,high,10195,599,7469.954545454546,251531.9090909091,0.029697840613751882,0.3860719279787745,99.6065574185238,False,True,True,Operator-route shares from March 2026 SITP zonal validation profiles.
PZ006,Perdomo I,ETIB,EMPRESA DE TRANSPORTE INTEGRADO DE BOGOTÁ – ETIB S.A.S.,PERDOMO I,PERDOMO I,ALIMENTACIÓN,zone_name_to_perdomo_i,high,10203,120,8.090909090909092,251531.9090909091,3.2166531555186745e-05,0.0004181649102174277,0.10788654683609634,False,False,False,Operator-route shares from March 2026 SITP zonal validation profiles.
PZ006,Perdomo I,ETIB,EMPRESA DE TRANSPORTE INTEGRADO DE BOGOTÁ – ETIB S.A.S.,PERDOMO I,PERDOMO I,ALIMENTACIÓN,zone_name_to_perdomo_i,high,10213,94,14199.09090909091,251531.9090909091,0.056450455770838404,0.7338559250208992,189.33482865539202,False,True,True,Operator-route shares from March 2026 SITP zonal validation profiles.
PZ006,Perdomo I,ETIB,EMPRESA DE TRANSPORTE INTEGRADO DE BOGOTÁ – ETIB S.A.S.,PERDOMO I,PERDOMO I,ALIMENTACIÓN,zone_name_to_perdomo_i,high,10216,117,7428.454545454545,251531.9090909091,0.02953285160639297,0.3839270708831086,99.05318428784202,False,True,True,Operator-route shares from March 2026 SITP zonal validation profiles.
PZ006,Perdomo I,ETIB,EMPRESA DE TRANSPORTE INTEGRADO DE BOGOTÁ – ETIB S.A.S.,PERDOMO I,PERDOMO I,ALIMENTACIÓN,zone_name_to_perdomo_i,high,10226,607A,3264.5454545454545,251531.9090909091,0.012978653349963551,0.16872249354952618,43.53040333577775,False,True,True,Operator-route shares from March 2026 SITP zonal validation profiles.
PZ006,Perdomo I,ETIB,EMPRESA DE TRANSPORTE INTEGRADO DE BOGOTÁ – ETIB S.A.S.,PERDOMO I,PERDOMO I,ALIMENTACIÓN,zone_name_to_perdomo_i,high,10240,787A,1597.090909090909,251531.9090909091,0.006349456475972143,0.08254293418763785,21.296077020410568,False,False,False,Operator-route shares from March 2026 SITP zonal validation profiles.
PZ006,Perdomo I,ETIB,EMPRESA DE TRANSPORTE INTEGRADO DE BOGOTÁ – ETIB S.A.S.,PERDOMO I,PERDOMO I,ALIMENTACIÓN,zone_name_to_perdomo_i,high,10248,T40,7181.954545454545,251531.9090909091,0.028552856659068378,0.37118713656788893,95.76628123451533,True,True,True,Operator-route shares from March 2026 SITP zonal validation profiles.
PZ006,Perdomo I,ETIB,EMPRESA DE TRANSPORTE INTEGRADO DE BOGOTÁ – ETIB S.A.S.,PERDOMO I,PERDOMO I,ALIMENTACIÓN,zone_name_to_perdomo_i,high,10251,192,5690.545454545454,251531.9090909091,0.02262355291267943,0.2941061878648326,75.8793964691268,False,True,True,Operator-route shares from March 2026 SITP zonal validation profiles.
PZ006,Perdomo I,ETIB,EMPRESA DE TRANSPORTE INTEGRADO DE BOGOTÁ – ETIB S.A.S.,PERDOMO I,PERDOMO I,ALIMENTACIÓN,zone_name_to_perdomo_i,high,10256,C1,2968.181818181818,251531.9090909091,0.01180041859861626,0.15340544178201138,39.57860397975894,False,True,True,Operator-route shares from March 2026 SITP zonal validation profiles.
PZ006,Perdomo I,ETIB,EMPRESA DE TRANSPORTE INTEGRADO DE BOGOTÁ – ETIB S.A.S.,PERDOMO I,PERDOMO I,ALIMENTACIÓN,zone_name_to_perdomo_i,high,10288,TC14,2849.2272727272725,251531.9090909091,0.011327498300414442,0.14725747790538773,37.992429299590036,False,True,True,Operator-route shares from March 2026 SITP zonal validation profiles.
PZ006,Perdomo I,ETIB,EMPRESA DE TRANSPORTE INTEGRADO DE BOGOTÁ – ETIB S.A.S.,PERDOMO I,PERDOMO I,ALIMENTACIÓN,zone_name_to_perdomo_i,high,10352,HA600,3894.6363636363635,251531.9090909091,0.015483667172536577,0.2012876732429755,51.932219696687675,False,True,True,Operator-route shares from March 2026 SITP zonal validation profiles.
PZ006,Perdomo I,ETIB,EMPRESA DE TRANSPORTE INTEGRADO DE BOGOTÁ – ETIB S.A.S.,PERDOMO I,PERDOMO I,ALIMENTACIÓN,zone_name_to_perdomo_i,high,10357,HF603,2979.6363636363635,251531.9090909091,0.011845957733177537,0.15399745053130798,39.731342237077456,False,True,True,Operator-route shares from March 2026 SITP zonal validation profiles.
PZ006,Perdomo I,ETIB,EMPRESA DE TRANSPORTE INTEGRADO DE BOGOTÁ – ETIB S.A.S.,PERDOMO I,PERDOMO I,ALIMENTACIÓN,zone_name_to_perdomo_i,high,10369,97,3172.5454545454545,251531.9090909091,0.012612894586661877,0.16396762962660438,42.30364844366393,False,True,True,Operator-route shares from March 2026 SITP zonal validation profiles.
PZ006,Perdomo I,ETIB,EMPRESA DE TRANSPORTE INTEGRADO DE BOGOTÁ – ETIB S.A.S.,PERDOMO I,PERDOMO I,ALIMENTACIÓN,zone_name_to_perdomo_i,high,10371,HH604,2026.6363636363637,251531.9090909091,0.00805717402201998,0.10474326228625974,27.023761669855013,False,True,True,Operator-route shares from March 2026 SITP zonal validation profiles.
PZ006,Perdomo I,ETIB,EMPRESA DE TRANSPORTE INTEGRADO DE BOGOTÁ – ETIB S.A.S.,PERDOMO I,PERDOMO I,ALIMENTACIÓN,zone_name_to_perdomo_i,high,10386,91,2893.590909090909,251531.9090909091,0.011503872091413668,0.14955033718837768,38.583986994601446,True,True,True,Operator-route shares from March 2026 SITP zonal validation profiles.
PZ006,Perdomo I,ETIB,EMPRESA DE TRANSPORTE INTEGRADO DE BOGOTÁ – ETIB S.A.S.,PERDOMO I,PERDOMO I,ALIMENTACIÓN,zone_name_to_perdomo_i,high,10387,H640-H641,3315.1363636363635,251531.9090909091,0.013179784527609184,0.17133719885891938,44.2049973056012,True,False,True,Operator-route shares from March 2026 SITP zonal validation profiles.
PZ006,Perdomo I,ETIB,EMPRESA DE TRANSPORTE INTEGRADO DE BOGOTÁ – ETIB S.A.S.,PERDOMO I,PERDOMO I,ALIMENTACIÓN,zone_name_to_perdomo_i,high,10389,99,5224.772727272727,251531.9090909091,0.02077180881803899,0.27003351463450687,69.66864677570277,True,True,True,Operator-route shares from March 2026 SITP zonal validation profiles.
PZ006,Perdomo I,ETIB,EMPRESA DE TRANSPORTE INTEGRADO DE BOGOTÁ – ETIB S.A.S.,PERDOMO I,PERDOMO I,ALIMENTACIÓN,zone_name_to_perdomo_i,high,10391,GA501,3255.3181818181815,251531.9090909091,0.012941969047122522,0.16824559761259278,43.40736418404894,False,True,True,Operator-route shares from March 2026 SITP zonal validation profiles.
PZ006,Perdomo I,ETIB,EMPRESA DE TRANSPORTE INTEGRADO DE BOGOTÁ – ETIB S.A.S.,PERDOMO I,PERDOMO I,ALIMENTACIÓN,zone_name_to_perdomo_i,high,10393,634,7168.318181818182,251531.9090909091,0.02849864340363829,0.37048236424729775,95.58444997580283,False,True,True,Operator-route shares from March 2026 SITP zonal validation profiles.
PZ006,Perdomo I,ETIB,EMPRESA DE TRANSPORTE INTEGRADO DE BOGOTÁ – ETIB S.A.S.,PERDOMO I,PERDOMO I,ALIMENTACIÓN,zone_name_to_perdomo_i,high,10396,P24,7881.909090909091,251531.9090909091,0.0313356230602949,0.4073630997838337,105.09967974422909,False,True,True,Operator-route shares from March 2026 SITP zonal validation profiles.
PZ006,Perdomo I,ETIB,EMPRESA DE TRANSPORTE INTEGRADO DE BOGOTÁ – ETIB S.A.S.,PERDOMO I,PERDOMO I,ALIMENTACIÓN,zone_name_to_perdomo_i,high,10399,580,8116.454545454545,251531.9090909091,0.032268091053692445,0.4194851836980018,108.22717739408446,False,True,True,Operator-route shares from March 2026 SITP zonal validation profiles.
PZ006,Perdomo I,ETIB,EMPRESA DE TRANSPORTE INTEGRADO DE BOGOTÁ – ETIB S.A.S.,PERDOMO I,PERDOMO I,ALIMENTACIÓN,zone_name_to_perdomo_i,high,10402,731,8083.590909090909,251531.9090909091,0.03213743710810593,0.4177866824053771,107.78896406058729,False,True,True,Operator-route shares from March 2026 SITP zonal validation profiles.
PZ006,Perdomo I,ETIB,EMPRESA DE TRANSPORTE INTEGRADO DE BOGOTÁ – ETIB S.A.S.,PERDOMO I,PERDOMO I,ALIMENTACIÓN,zone_name_to_perdomo_i,high,10404,56A,3164.272727272727,251531.9090909091,0.012580005211700954,0.16354006775211238,42.193337480044995,False,True,True,Operator-route shares from March 2026 SITP zonal validation profiles.
PZ006,Perdomo I,ETIB,EMPRESA DE TRANSPORTE INTEGRADO DE BOGOTÁ – ETIB S.A.S.,PERDOMO I,PERDOMO I,ALIMENTACIÓN,zone_name_to_perdomo_i,high,10415,GH521,6300.636363636364,251531.9090909091,0.02504905396062166,0.3256377014880816,84.01452698392505,False,True,True,Operator-route shares from March 2026 SITP zonal validation profiles.
PZ006,Perdomo I,ETIB,EMPRESA DE TRANSPORTE INTEGRADO DE BOGOTÁ – ETIB S.A.S.,PERDOMO I,PERDOMO I,ALIMENTACIÓN,zone_name_to_perdomo_i,high,10424,927,7718.181818181818,251531.9090909091,0.03068470257343095,0.3989011334546023,102.91649243128741,False,True,True,Operator-route shares from March 2026 SITP zonal validation profiles.
PZ006,Perdomo I,ETIB,EMPRESA DE TRANSPORTE INTEGRADO DE BOGOTÁ – ETIB S.A.S.,PERDOMO I,PERDOMO I,ALIMENTACIÓN,zone_name_to_perdomo_i,high,10428,HA620,3901.5454545454545,251531.9090909091,0.015511135221954488,0.20164475788540834,52.02434753443536,False,True,True,Operator-route shares from March 2026 SITP zonal validation profiles.
PZ006,Perdomo I,ETIB,EMPRESA DE TRANSPORTE INTEGRADO DE BOGOTÁ – ETIB S.A.S.,PERDOMO I,PERDOMO I,ALIMENTACIÓN,zone_name_to_perdomo_i,high,10432,GG524,4164.272727272727,251531.9090909091,0.01655564394324089,0.21522337126213156,55.52762978562995,False,True,True,Operator-route shares from March 2026 SITP zonal validation profiles.
PZ006,Perdomo I,ETIB,EMPRESA DE TRANSPORTE INTEGRADO DE BOGOTÁ – ETIB S.A.S.,PERDOMO I,PERDOMO I,ALIMENTACIÓN,zone_name_to_perdomo_i,high,10557,GA506,1708.4545454545455,251531.9090909091,0.006792198061984545,0.08829857480579908,22.781032299896165,False,True,True,Operator-route shares from March 2026 SITP zonal validation profiles.
PZ006,Perdomo I,ETIB,EMPRESA DE TRANSPORTE INTEGRADO DE BOGOTÁ – ETIB S.A.S.,PERDOMO I,PERDOMO I,ALIMENTACIÓN,zone_name_to_perdomo_i,high,10558,C701,8660.090909090908,251531.9090909091,0.0344293928368387,0.4475821068789031,115.476183574757,True,True,True,Operator-route shares from March 2026 SITP zonal validation profiles.
PZ006,Perdomo I,ETIB,EMPRESA DE TRANSPORTE INTEGRADO DE BOGOTÁ – ETIB S.A.S.,PERDOMO I,PERDOMO I,ALIMENTACIÓN,zone_name_to_perdomo_i,high,10559,GA518,3896.0,251531.9090909091,0.015489088498079586,0.2013581504750346,51.950402822558935,False,True,True,Operator-route shares from March 2026 SITP zonal validation profiles.
PZ006,Perdomo I,ETIB,EMPRESA DE TRANSPORTE INTEGRADO DE BOGOTÁ – ETIB S.A.S.,PERDOMO I,PERDOMO I,ALIMENTACIÓN,zone_name_to_perdomo_i,high,10560,GL517,8517.318181818182,251531.9090909091,0.03386178005248566,0.4402031406823136,113.5724102960369,False,False,False,Operator-route shares from March 2026 SITP zonal validation profiles.
PZ006,Perdomo I,ETIB,EMPRESA DE TRANSPORTE INTEGRADO DE BOGOTÁ – ETIB S.A.S.,PERDOMO I,PERDOMO I,ALIMENTACIÓN,zone_name_to_perdomo_i,high,10561,E16A,6935.545454545455,251531.9090909091,0.027573223133446654,0.3584519007348065,92.48059038958007,False,True,True,Operator-route shares from March 2026 SITP zonal validation profiles.
PZ006,Perdomo I,ETIB,EMPRESA DE TRANSPORTE INTEGRADO DE BOGOTÁ – ETIB S.A.S.,PERDOMO I,PERDOMO I,ALIMENTACIÓN,zone_name_to_perdomo_i,high,10563,HA642,2035.409090909091,251531.9090909091,0.008092051216346671,0.10519666581250672,27.140739779626735,False,True,True,Operator-route shares from March 2026 SITP zonal validation profiles.
PZ006,Perdomo I,ETIB,EMPRESA DE TRANSPORTE INTEGRADO DE BOGOTÁ – ETIB S.A.S.,PERDOMO I,PERDOMO I,ALIMENTACIÓN,zone_name_to_perdomo_i,high,10566,10-6,3268.909090909091,251531.9090909091,0.01299600159170118,0.16894802069211534,43.588589338565754,False,True,True,Operator-route shares from March 2026 SITP zonal validation profiles.
PZ006,Perdomo I,ETIB,EMPRESA DE TRANSPORTE INTEGRADO DE BOGOTÁ – ETIB S.A.S.,PERDOMO I,PERDOMO I,ALIMENTACIÓN,zone_name_to_perdomo_i,high,10567,12-1,2426.2272727272725,251531.9090909091,0.009645803116973049,0.12539544052064963,32.3520236543276,False,True,True,Operator-route shares from March 2026 SITP zonal validation profiles.
PZ006,Perdomo I,ETIB,EMPRESA DE TRANSPORTE INTEGRADO DE BOGOTÁ – ETIB S.A.S.,PERDOMO I,PERDOMO I,ALIMENTACIÓN,zone_name_to_perdomo_i,high,10568,GG514,3766.318181818182,251531.9090909091,0.01497352043893943,0.1946557657062126,50.22118755220285,False,True,True,Operator-route shares from March 2026 SITP zonal validation profiles.
PZ006,Perdomo I,ETIB,EMPRESA DE TRANSPORTE INTEGRADO DE BOGOTÁ – ETIB S.A.S.,PERDOMO I,PERDOMO I,ALIMENTACIÓN,zone_name_to_perdomo_i,high,10570,HH622,2034.3636363636363,251531.9090909091,0.008087894866763696,0.10514263326792804,27.126799383125434,False,True,True,Operator-route shares from March 2026 SITP zonal validation profiles.
PZ006,Perdomo I,ETIB,EMPRESA DE TRANSPORTE INTEGRADO DE BOGOTÁ – ETIB S.A.S.,PERDOMO I,PERDOMO I,ALIMENTACIÓN,zone_name_to_perdomo_i,high,10649,GH543,1420.090909090909,251531.9090909091,0.005645768420489574,0.07339498946636447,18.93590728232203,False,True,True,Operator-route shares from March 2026 SITP zonal validation profiles.
PZ006,Perdomo I,ETIB,EMPRESA DE TRANSPORTE INTEGRADO DE BOGOTÁ – ETIB S.A.S.,PERDOMO I,PERDOMO I,ALIMENTACIÓN,zone_name_to_perdomo_i,high,10663,HL602,7142.636363636364,251531.9090909091,0.028396541772578287,0.3691550430435177,95.24200110522757,False,True,True,Operator-route shares from March 2026 SITP zonal validation profiles.
PZ006,Perdomo I,ETIB,EMPRESA DE TRANSPORTE INTEGRADO DE BOGOTÁ – ETIB S.A.S.,PERDOMO I,PERDOMO I,ALIMENTACIÓN,zone_name_to_perdomo_i,high,10664,GK502,2420.0454545454545,251531.9090909091,0.009621226441178075,0.12507594373531497,32.26959348371126,True,True,True,Operator-route shares from March 2026 SITP zonal validation profiles.
PZ006,Perdomo I,ETIB,EMPRESA DE TRANSPORTE INTEGRADO DE BOGOTÁ – ETIB S.A.S.,PERDOMO I,PERDOMO I,ALIMENTACIÓN,zone_name_to_perdomo_i,high,10666,GL519,4569.136363636364,251531.9090909091,0.018165235496960263,0.23614806146048342,60.92619985680472,True,True,True,Operator-route shares from March 2026 SITP zonal validation profiles.
PZ006,Perdomo I,ETIB,EMPRESA DE TRANSPORTE INTEGRADO DE BOGOTÁ – ETIB S.A.S.,PERDOMO I,PERDOMO I,ALIMENTACIÓN,zone_name_to_perdomo_i,high,10667,GA537,3035.8636363636365,251531.9090909091,0.012069497056400941,0.15690346173321223,40.481093127168755,True,True,True,Operator-route shares from March 2026 SITP zonal validation profiles.
PZ006,Perdomo I,ETIB,EMPRESA DE TRANSPORTE INTEGRADO DE BOGOTÁ – ETIB S.A.S.,PERDOMO I,PERDOMO I,ALIMENTACIÓN,zone_name_to_perdomo_i,high,10668,GA538,3964.227272727273,251531.9090909091,0.01576033548608147,0.20488436131905913,52.86016522031725,False,True,True,Operator-route shares from March 2026 SITP zonal validation profiles.
PZ006,Perdomo I,ETIB,EMPRESA DE TRANSPORTE INTEGRADO DE BOGOTÁ – ETIB S.A.S.,PERDOMO I,PERDOMO I,ALIMENTACIÓN,zone_name_to_perdomo_i,high,10670,GA516,2233.090909090909,251531.9090909091,0.008877962709231541,0.11541351522001003,29.77668692676259,False,True,True,Operator-route shares from March 2026 SITP zonal validation profiles.
PZ006,Perdomo I,ETIB,EMPRESA DE TRANSPORTE INTEGRADO DE BOGOTÁ – ETIB S.A.S.,PERDOMO I,PERDOMO I,ALIMENTACIÓN,zone_name_to_perdomo_i,high,10671,GA535,6726.590909090909,251531.9090909091,0.026742495349406238,0.3476524395422811,89.69432940190852,True,True,True,Operator-route shares from March 2026 SITP zonal validation profiles.
PZ006,Perdomo I,ETIB,EMPRESA DE TRANSPORTE INTEGRADO DE BOGOTÁ – ETIB S.A.S.,PERDOMO I,PERDOMO I,ALIMENTACIÓN,zone_name_to_perdomo_i,high,10672,GA541,3809.2727272727275,251531.9090909091,0.015144292193544214,0.19687579851607478,50.793956017147295,False,True,True,Operator-route shares from March 2026 SITP zonal validation profiles.
PZ006,Perdomo I,ETIB,EMPRESA DE TRANSPORTE INTEGRADO DE BOGOTÁ – ETIB S.A.S.,PERDOMO I,PERDOMO I,ALIMENTACIÓN,zone_name_to_perdomo_i,high,10673,HA611,4649.681818181818,251531.9090909091,0.01848545512570066,0.24031091663410858,62.000216491600014,True,True,True,Operator-route shares from March 2026 SITP zonal validation profiles.
PZ006,Perdomo I,ETIB,EMPRESA DE TRANSPORTE INTEGRADO DE BOGOTÁ – ETIB S.A.S.,PERDOMO I,PERDOMO I,ALIMENTACIÓN,zone_name_to_perdomo_i,high,10674,C80,0.0,251531.9090909091,0.0,0.0,0.0,True,False,True,Operator-route shares from March 2026 SITP zonal validation profiles.
PZ006,Perdomo I,ETIB,EMPRESA DE TRANSPORTE INTEGRADO DE BOGOTÁ – ETIB S.A.S.,PERDOMO I,PERDOMO I,ALIMENTACIÓN,zone_name_to_perdomo_i,high,10703,GH545,1477.1363636363637,251531.9090909091,0.005872560539038785,0.0763432870075042,19.696568047936083,False,True,True,Operator-route shares from March 2026 SITP zonal validation profiles.
PZ006,Perdomo I,ETIB,EMPRESA DE TRANSPORTE INTEGRADO DE BOGOTÁ – ETIB S.A.S.,PERDOMO I,PERDOMO I,ALIMENTACIÓN,zone_name_to_perdomo_i,high,10705,GA567,3991.4090909090905,251531.9090909091,0.01586840057523878,0.20628920747810417,53.222615529350875,True,True,True,Operator-route shares from March 2026 SITP zonal validation profiles.
PZ006,Perdomo I,ETIB,EMPRESA DE TRANSPORTE INTEGRADO DE BOGOTÁ – ETIB S.A.S.,PERDOMO I,PERDOMO I,ALIMENTACIÓN,zone_name_to_perdomo_i,high,10706,G528,1984.1363636363637,251531.9090909091,0.007888209375929532,0.10254672188708393,26.457054246867653,False,True,True,Operator-route shares from March 2026 SITP zonal validation profiles.
PZ006,Perdomo I,ETIB,EMPRESA DE TRANSPORTE INTEGRADO DE BOGOTÁ – ETIB S.A.S.,PERDOMO I,PERDOMO I,ALIMENTACIÓN,zone_name_to_perdomo_i,high,10714,GA547,2495.681818181818,251531.9090909091,0.009921929297963641,0.12898508087352734,33.27815086537005,True,True,True,Operator-route shares from March 2026 SITP zonal validation profiles.
PZ006,Perdomo I,ETIB,EMPRESA DE TRANSPORTE INTEGRADO DE BOGOTÁ – ETIB S.A.S.,PERDOMO I,PERDOMO I,ALIMENTACIÓN,zone_name_to_perdomo_i,high,10716,GA520,3853.0,251531.9090909091,0.015318136032623369,0.1991357684241038,51.37702825341878,False,True,True,Operator-route shares from March 2026 SITP zonal validation profiles.
PZ006,Perdomo I,ETIB,EMPRESA DE TRANSPORTE INTEGRADO DE BOGOTÁ – ETIB S.A.S.,PERDOMO I,PERDOMO I,ALIMENTACIÓN,zone_name_to_perdomo_i,high,10717,HA680,3696.090909090909,251531.9090909091,0.014694322173474467,0.19102618825516807,49.28475656983336,True,True,True,Operator-route shares from March 2026 SITP zonal validation profiles.
PZ006,Perdomo I,ETIB,EMPRESA DE TRANSPORTE INTEGRADO DE BOGOTÁ – ETIB S.A.S.,PERDOMO I,PERDOMO I,ALIMENTACIÓN,zone_name_to_perdomo_i,high,10718,GA587,988.5,251531.9090909091,0.0039299188861272255,0.051088945519653935,13.180947944070715,False,True,True,Operator-route shares from March 2026 SITP zonal validation profiles.
PZ006,Perdomo I,ETIB,EMPRESA DE TRANSPORTE INTEGRADO DE BOGOTÁ – ETIB S.A.S.,PERDOMO I,PERDOMO I,ALIMENTACIÓN,zone_name_to_perdomo_i,high,10720,14-1.,75.36363636363636,251531.9090909091,0.0002996185916769642,0.0038950416918005345,1.004920756484538,False,False,False,Operator-route shares from March 2026 SITP zonal validation profiles.
PZ006,Perdomo I,ETIB,EMPRESA DE TRANSPORTE INTEGRADO DE BOGOTÁ – ETIB S.A.S.,PERDOMO I,PERDOMO I,ALIMENTACIÓN,zone_name_to_perdomo_i,high,10721,15-5.,76.13636363636364,251531.9090909091,0.000302690676151336,0.003934978789967368,1.0152245278115808,False,False,False,Operator-route shares from March 2026 SITP zonal validation profiles.
PZ052,Perdomo,OPERADORA DISTRITAL DE TRANSPORTE,Operadora Distrital de Transporte S.A.S.,Perdomo II,PERDOMO II,Zonal,zone_name_to_perdomo,high,10081,HA601,5189.681818181818,53436.36363636364,0.09711891799931949,18.9381890098673,3418.3431162810475,False,True,True,Operator-route shares from March 2026 SITP zonal validation profiles.
PZ052,Perdomo,OPERADORA DISTRITAL DE TRANSPORTE,Operadora Distrital de Transporte S.A.S.,Perdomo II,PERDOMO II,Zonal,zone_name_to_perdomo,high,10113,HL613,5521.227272727273,53436.36363636364,0.10332340932289895,20.148064817965295,3636.725699642736,False,False,False,Operator-route shares from March 2026 SITP zonal validation profiles.
PZ052,Perdomo,OPERADORA DISTRITAL DE TRANSPORTE,Operadora Distrital de Transporte S.A.S.,Perdomo II,PERDOMO II,Zonal,zone_name_to_perdomo,high,10123,T04,4219.363636363636,53436.36363636364,0.07896053079278666,15.397303504593397,2779.213282579108,False,True,True,Operator-route shares from March 2026 SITP zonal validation profiles.
PZ052,Perdomo,OPERADORA DISTRITAL DE TRANSPORTE,Operadora Distrital de Transporte S.A.S.,Perdomo II,PERDOMO II,Zonal,zone_name_to_perdomo,high,10128,HA617,7352.954545454546,53436.36363636364,0.13760207553589657,26.83240472949983,4843.249053674719,False,True,True,Operator-route shares from March 2026 SITP zonal validation profiles.
PZ052,Perdomo,OPERADORA DISTRITAL DE TRANSPORTE,Operadora Distrital de Transporte S.A.S.,Perdomo II,PERDOMO II,Zonal,zone_name_to_perdomo,high,10129,HK629,4271.363636363636,53436.36363636364,0.07993365090166722,15.587061925825108,2813.464677611432,False,True,True,Operator-route shares from March 2026 SITP zonal validation profiles.
PZ052,Perdomo,OPERADORA DISTRITAL DE TRANSPORTE,Operadora Distrital de Transporte S.A.S.,Perdomo II,PERDOMO II,Zonal,zone_name_to_perdomo,high,10130,HL636,4431.727272727273,53436.36363636364,0.0829346716570262,16.17226097312011,2919.0931056481795,False,True,True,Operator-route shares from March 2026 SITP zonal validation profiles.
PZ052,Perdomo,OPERADORA DISTRITAL DE TRANSPORTE,Operadora Distrital de Transporte S.A.S.,Perdomo II,PERDOMO II,Zonal,zone_name_to_perdomo,high,10133,HA618,7417.181818181818,53436.36363636364,0.13880401497107858,27.066782919360325,4885.554316944538,False,True,True,Operator-route shares from March 2026 SITP zonal validation profiles.
PZ052,Perdomo,OPERADORA DISTRITAL DE TRANSPORTE,Operadora Distrital de Transporte S.A.S.,Perdomo II,PERDOMO II,Zonal,zone_name_to_perdomo,high,10143,HK635,4350.090909090909,53436.36363636364,0.08140694113644097,15.874353521605988,2865.320810649881,False,True,True,Operator-route shares from March 2026 SITP zonal validation profiles.
PZ052,Perdomo,OPERADORA DISTRITAL DE TRANSPORTE,Operadora Distrital de Transporte S.A.S.,Perdomo II,PERDOMO II,Zonal,zone_name_to_perdomo,high,10144,HD630,6604.818181818182,53436.36363636364,0.12360156515821707,24.10230520585233,4350.4660896563455,False,True,True,Operator-route shares from March 2026 SITP zonal validation profiles.
PZ052,Perdomo,OPERADORA DISTRITAL DE TRANSPORTE,Operadora Distrital de Transporte S.A.S.,Perdomo II,PERDOMO II,Zonal,zone_name_to_perdomo,high,10147,HH632,3993.5,53436.36363636364,0.07473375297720312,14.57308183055461,2630.441270415107,False,True,True,Operator-route shares from March 2026 SITP zonal validation profiles.
PZ052,Perdomo,OPERADORA DISTRITAL DE TRANSPORTE,Operadora Distrital de Transporte S.A.S.,Perdomo II,PERDOMO II,Zonal,zone_name_to_perdomo,high,10675,UNICENTRO,4.590909090909091,53436.36363636364,8.591357604627424e-05,0.016753147329023478,3.0239430928887376,False,False,False,Operator-route shares from March 2026 SITP zonal validation profiles.
PZ052,Perdomo,OPERADORA DISTRITAL DE TRANSPORTE,Operadora Distrital de Transporte S.A.S.,Perdomo II,PERDOMO II,Zonal,zone_name_to_perdomo,high,10676,SEPTIMAZO,25.545454545454547,53436.36363636364,0.00047805375978223884,0.09322048315753657,16.82629720993535,True,False,True,Operator-route shares from March 2026 SITP zonal validation profiles.
PZ052,Perdomo,OPERADORA DISTRITAL DE TRANSPORTE,Operadora Distrital de Transporte S.A.S.,Perdomo II,PERDOMO II,Zonal,zone_name_to_perdomo,high,10677,1 DE MAYO,14.409090909090908,53436.36363636364,0.00026964954066008843,0.052581660428717245,9.490989707383463,False,False,False,Operator-route shares from March 2026 SITP zonal validation profiles.
PZ052,Perdomo,OPERADORA DISTRITAL DE TRANSPORTE,Operadora Distrital de Transporte S.A.S.,Perdomo II,PERDOMO II,Zonal,zone_name_to_perdomo,high,10713,HH645,39.90909090909091,53436.36363636364,0.0007468526709765225,0.14563627084042188,26.28734688669615,True,True,True,Operator-route shares from March 2026 SITP zonal validation profiles.
PZ001,Las Mercedes,ESTE ES MI BUS,ESTE ES MI BUS S.A.S.,SUBA CENTRO I,SUBA CENTRO I,ALIMENTACIÓN,zone_name_to_las_mercedes,high,10175,193B,2208.8636363636365,100931.04545454546,0.021884878199923172,1.9915239161930087,513.8131703777963,True,True,True,Operator-route shares from March 2026 SITP zonal validation profiles.
PZ001,Las Mercedes,ESTE ES MI BUS,ESTE ES MI BUS S.A.S.,SUBA CENTRO I,SUBA CENTRO I,ALIMENTACIÓN,zone_name_to_las_mercedes,high,10287,271,4632.409090909091,100931.04545454546,0.0458967711079076,4.176606170819592,1077.5643920714547,False,True,True,Operator-route shares from March 2026 SITP zonal validation profiles.
PZ001,Las Mercedes,ESTE ES MI BUS,ESTE ES MI BUS S.A.S.,SUBA CENTRO I,SUBA CENTRO I,ALIMENTACIÓN,zone_name_to_las_mercedes,high,10298,60,9435.59090909091,100931.04545454546,0.09348551643944134,8.507181995989162,2194.8529549652035,False,True,True,Operator-route shares from March 2026 SITP zonal validation profiles.
PZ001,Las Mercedes,ESTE ES MI BUS,ESTE ES MI BUS S.A.S.,SUBA CENTRO I,SUBA CENTRO I,ALIMENTACIÓN,zone_name_to_las_mercedes,high,10301,FA405,1607.0,100931.04545454546,0.015921761166376863,1.4488802661402946,373.811108664196,False,True,True,Operator-route shares from March 2026 SITP zonal validation profiles.
PZ001,Las Mercedes,ESTE ES MI BUS,ESTE ES MI BUS S.A.S.,SUBA CENTRO I,SUBA CENTRO I,ALIMENTACIÓN,zone_name_to_las_mercedes,high,10312,FF407,2919.1363636363635,100931.04545454546,0.02892208587050655,2.631909814216096,679.0327320677527,True,True,True,Operator-route shares from March 2026 SITP zonal validation profiles.
PZ001,Las Mercedes,ESTE ES MI BUS,ESTE ES MI BUS S.A.S.,SUBA CENTRO I,SUBA CENTRO I,ALIMENTACIÓN,zone_name_to_las_mercedes,high,10313,688,2333.9545454545455,100931.04545454546,0.023124248192848133,2.10430658554918,542.9110990716885,False,True,True,Operator-route shares from March 2026 SITP zonal validation profiles.
PZ001,Las Mercedes,ESTE ES MI BUS,ESTE ES MI BUS S.A.S.,SUBA CENTRO I,SUBA CENTRO I,ALIMENTACIÓN,zone_name_to_las_mercedes,high,10314,T48,3885.9545454545455,100931.04545454546,0.03850108287251017,3.5035985413984254,903.9284236807937,False,True,True,Operator-route shares from March 2026 SITP zonal validation profiles.
PZ001,Las Mercedes,ESTE ES MI BUS,ESTE ES MI BUS S.A.S.,SUBA CENTRO I,SUBA CENTRO I,ALIMENTACIÓN,zone_name_to_las_mercedes,high,10316,FB419,9293.59090909091,100931.04545454546,0.09207861532828669,8.37915399487409,2161.821730677515,False,True,True,Operator-route shares from March 2026 SITP zonal validation profiles.
PZ001,Las Mercedes,ESTE ES MI BUS,ESTE ES MI BUS S.A.S.,SUBA CENTRO I,SUBA CENTRO I,ALIMENTACIÓN,zone_name_to_las_mercedes,high,10317,FL422,3745.9545454545455,100931.04545454546,0.03711399726996334,3.377373751566664,871.3624279041993,False,True,True,Operator-route shares from March 2026 SITP zonal validation profiles.
PZ001,Las Mercedes,ESTE ES MI BUS,ESTE ES MI BUS S.A.S.,SUBA CENTRO I,SUBA CENTRO I,ALIMENTACIÓN,zone_name_to_las_mercedes,high,10319,DK211,2703.2272727272725,100931.04545454546,0.026782911645799583,2.437244959767762,628.8091996200826,True,True,True,Operator-route shares from March 2026 SITP zonal validation profiles.
PZ001,Las Mercedes,ESTE ES MI BUS,ESTE ES MI BUS S.A.S.,SUBA CENTRO I,SUBA CENTRO I,ALIMENTACIÓN,zone_name_to_las_mercedes,high,10324,DA214,1446.4545454545455,100931.04545454546,0.0143311162481316,1.3041315785799756,336.46594727363373,True,True,True,Operator-route shares from March 2026 SITP zonal validation profiles.
PZ001,Las Mercedes,ESTE ES MI BUS,ESTE ES MI BUS S.A.S.,SUBA CENTRO I,SUBA CENTRO I,ALIMENTACIÓN,zone_name_to_las_mercedes,high,10335,DK206,1751.2272727272727,100931.04545454546,0.01735072954848112,1.5789163889117819,407.3604283392397,True,True,True,Operator-route shares from March 2026 SITP zonal validation profiles.
PZ001,Las Mercedes,ESTE ES MI BUS,ESTE ES MI BUS S.A.S.,SUBA CENTRO I,SUBA CENTRO I,ALIMENTACIÓN,zone_name_to_las_mercedes,high,10340,CK102,1798.0454545454545,100931.04545454546,0.01781459259089126,1.6211279257711046,418.251004848945,True,True,True,Operator-route shares from March 2026 SITP zonal validation profiles.
PZ001,Las Mercedes,ESTE ES MI BUS,ESTE ES MI BUS S.A.S.,SUBA CENTRO I,SUBA CENTRO I,ALIMENTACIÓN,zone_name_to_las_mercedes,high,10344,DA215,3169.2272727272725,100931.04545454546,0.031399925151419754,2.8573931887791977,737.207442705033,False,True,True,Operator-route shares from March 2026 SITP zonal validation profiles.
PZ001,Las Mercedes,ESTE ES MI BUS,ESTE ES MI BUS S.A.S.,SUBA CENTRO I,SUBA CENTRO I,ALIMENTACIÓN,zone_name_to_las_mercedes,high,10346,KA336,4156.136363636364,100931.04545454546,0.04117797794443822,3.747195992943878,966.7765661795205,False,True,True,Operator-route shares from March 2026 SITP zonal validation profiles.
PZ001,Las Mercedes,ESTE ES MI BUS,ESTE ES MI BUS S.A.S.,SUBA CENTRO I,SUBA CENTRO I,ALIMENTACIÓN,zone_name_to_las_mercedes,high,10347,F423-F424,1070.3636363636363,100931.04545454546,0.010604899924926242,0.965045893168288,248.98184043741833,True,False,True,Operator-route shares from March 2026 SITP zonal validation profiles.
PZ001,Las Mercedes,ESTE ES MI BUS,ESTE ES MI BUS S.A.S.,SUBA CENTRO I,SUBA CENTRO I,ALIMENTACIÓN,zone_name_to_las_mercedes,high,10358,BD909,2924.2727272727275,100931.04545454546,0.02897297569943116,2.6365407886482357,680.2275234712448,True,True,True,Operator-route shares from March 2026 SITP zonal validation profiles.
PZ001,Las Mercedes,ESTE ES MI BUS,ESTE ES MI BUS S.A.S.,SUBA CENTRO I,SUBA CENTRO I,ALIMENTACIÓN,zone_name_to_las_mercedes,high,10360,5-4,1238.909090909091,100931.04545454546,0.012274806877602757,1.117007425861851,288.1879158723575,False,True,True,Operator-route shares from March 2026 SITP zonal validation profiles.
PZ001,Las Mercedes,ESTE ES MI BUS,ESTE ES MI BUS S.A.S.,SUBA CENTRO I,SUBA CENTRO I,ALIMENTACIÓN,zone_name_to_las_mercedes,high,10364,59B,1775.2272727272727,100931.04545454546,0.017588515651774862,1.6005549243115125,412.94317047237024,False,True,True,Operator-route shares from March 2026 SITP zonal validation profiles.
PZ001,Las Mercedes,ESTE ES MI BUS,ESTE ES MI BUS S.A.S.,SUBA CENTRO I,SUBA CENTRO I,ALIMENTACIÓN,zone_name_to_las_mercedes,high,10367,669,5385.090909090909,100931.04545454546,0.05335415763147027,4.855228344463795,1252.648912871659,False,True,True,Operator-route shares from March 2026 SITP zonal validation profiles.
PZ001,Las Mercedes,ESTE ES MI BUS,ESTE ES MI BUS S.A.S.,SUBA CENTRO I,SUBA CENTRO I,ALIMENTACIÓN,zone_name_to_las_mercedes,high,10383,DA203,1852.3181818181818,100931.04545454546,0.018352313438112337,1.6700605228682226,430.87561490000144,True,True,True,Operator-route shares from March 2026 SITP zonal validation profiles.
PZ001,Las Mercedes,ESTE ES MI BUS,ESTE ES MI BUS S.A.S.,SUBA CENTRO I,SUBA CENTRO I,ALIMENTACIÓN,zone_name_to_las_mercedes,high,10398,CH116,5112.0,100931.04545454546,0.05064844000156723,4.6090080401426174,1189.1240743567953,True,True,True,Operator-route shares from March 2026 SITP zonal validation profiles.
PZ001,Las Mercedes,ESTE ES MI BUS,ESTE ES MI BUS S.A.S.,SUBA CENTRO I,SUBA CENTRO I,ALIMENTACIÓN,zone_name_to_las_mercedes,high,10438,621,3548.9545454545455,100931.04545454546,0.03516216967209387,3.1997574401605418,825.5374195614198,False,True,True,Operator-route shares from March 2026 SITP zonal validation profiles.
PZ001,Las Mercedes,ESTE ES MI BUS,ESTE ES MI BUS S.A.S.,SUBA CENTRO I,SUBA CENTRO I,ALIMENTACIÓN,zone_name_to_las_mercedes,high,10439,CC110,362.1818181818182,100931.04545454546,0.003588408467887392,0.3265451705777527,84.24865400906019,False,True,True,Operator-route shares from March 2026 SITP zonal validation profiles.
PZ001,Las Mercedes,ESTE ES MI BUS,ESTE ES MI BUS S.A.S.,SUBA CENTRO I,SUBA CENTRO I,ALIMENTACIÓN,zone_name_to_las_mercedes,high,10440,DL205,2607.8636363636365,100931.04545454546,0.025838072167181647,2.35126456721353,606.6262583410908,True,True,True,Operator-route shares from March 2026 SITP zonal validation profiles.
PZ001,Las Mercedes,ESTE ES MI BUS,ESTE ES MI BUS S.A.S.,SUBA CENTRO I,SUBA CENTRO I,ALIMENTACIÓN,zone_name_to_las_mercedes,high,10441,5-1,4976.090909090909,100931.04545454546,0.049301886121172735,4.486471637026719,1157.5096823528934,False,True,True,Operator-route shares from March 2026 SITP zonal validation profiles.
PZ001,Las Mercedes,ESTE ES MI BUS,ESTE ES MI BUS S.A.S.,SUBA CENTRO I,SUBA CENTRO I,ALIMENTACIÓN,zone_name_to_las_mercedes,high,10442,5-2,4695.909090909091,100931.04545454546,0.046525913506205635,4.233858129064712,1092.3353972986959,True,True,True,Operator-route shares from March 2026 SITP zonal validation profiles.
PZ001,Las Mercedes,ESTE ES MI BUS,ESTE ES MI BUS S.A.S.,SUBA CENTRO I,SUBA CENTRO I,ALIMENTACIÓN,zone_name_to_las_mercedes,high,10443,5-3,951.0454545454545,100931.04545454546,0.00942272469548292,0.8574679472889457,221.226730400548,False,True,True,Operator-route shares from March 2026 SITP zonal validation profiles.
PZ001,Las Mercedes,ESTE ES MI BUS,ESTE ES MI BUS S.A.S.,SUBA CENTRO I,SUBA CENTRO I,ALIMENTACIÓN,zone_name_to_las_mercedes,high,10447,C104,544.9545454545455,100931.04545454546,0.005399275743160385,0.49133409262759503,126.76419589791952,False,True,True,Operator-route shares from March 2026 SITP zonal validation profiles.
PZ001,Las Mercedes,ESTE ES MI BUS,ESTE ES MI BUS S.A.S.,SUBA CENTRO I,SUBA CENTRO I,ALIMENTACIÓN,zone_name_to_las_mercedes,high,10448,11-2,402.45454545454544,100931.04545454546,0.0039874207548537864,0.3628552886916946,93.6166644824572,False,True,True,Operator-route shares from March 2026 SITP zonal validation profiles.
PZ001,Las Mercedes,ESTE ES MI BUS,ESTE ES MI BUS S.A.S.,SUBA CENTRO I,SUBA CENTRO I,ALIMENTACIÓN,zone_name_to_las_mercedes,high,10449,11-8,285.95454545454544,100931.04545454546,0.0028331673784487425,0.2578182314388356,66.51710371121958,True,True,True,Operator-route shares from March 2026 SITP zonal validation profiles.
PZ001,Las Mercedes,ESTE ES MI BUS,ESTE ES MI BUS S.A.S.,SUBA CENTRO I,SUBA CENTRO I,ALIMENTACIÓN,zone_name_to_las_mercedes,high,10451,11-9,173.5909090909091,100931.04545454546,0.0017198960766644014,0.15651054297646053,40.37972008792682,False,True,True,Operator-route shares from March 2026 SITP zonal validation profiles.
PZ001,Las Mercedes,ESTE ES MI BUS,ESTE ES MI BUS S.A.S.,SUBA CENTRO I,SUBA CENTRO I,ALIMENTACIÓN,zone_name_to_las_mercedes,high,10453,11-3,577.9090909090909,100931.04545454546,0.005725781282720921,0.5210460967276038,134.42989295572178,False,True,True,Operator-route shares from March 2026 SITP zonal validation profiles.
PZ001,Las Mercedes,ESTE ES MI BUS,ESTE ES MI BUS S.A.S.,SUBA CENTRO I,SUBA CENTRO I,ALIMENTACIÓN,zone_name_to_las_mercedes,high,10454,11-5,393.27272727272725,100931.04545454546,0.003896449556245195,0.35457690961831273,91.48084268152469,True,True,True,Operator-route shares from March 2026 SITP zonal validation profiles.
PZ001,Las Mercedes,ESTE ES MI BUS,ESTE ES MI BUS S.A.S.,SUBA CENTRO I,SUBA CENTRO I,ALIMENTACIÓN,zone_name_to_las_mercedes,high,10455,11-7,699.8181818181819,100931.04545454546,0.006933626602860729,0.6309600208603263,162.7876853819642,False,True,True,Operator-route shares from March 2026 SITP zonal validation profiles.
PZ001,Las Mercedes,ESTE ES MI BUS,ESTE ES MI BUS S.A.S.,SUBA CENTRO I,SUBA CENTRO I,ALIMENTACIÓN,zone_name_to_las_mercedes,high,10456,11-6,782.5454545454545,100931.04545454546,0.007753268095274766,0.7055473966700038,182.03122834086096,False,True,True,Operator-route shares from March 2026 SITP zonal validation profiles.
PZ001,Las Mercedes,ESTE ES MI BUS,ESTE ES MI BUS S.A.S.,SUBA CENTRO I,SUBA CENTRO I,ALIMENTACIÓN,zone_name_to_las_mercedes,high,10457,11-4,440.59090909090907,100931.04545454546,0.00436526647580729,0.3972392492984634,102.48772631900356,True,True,True,Operator-route shares from March 2026 SITP zonal validation profiles.
PZ001,Las Mercedes,ESTE ES MI BUS,ESTE ES MI BUS S.A.S.,SUBA CENTRO I,SUBA CENTRO I,ALIMENTACIÓN,zone_name_to_las_mercedes,high,10525,11-10,468.72727272727275,100931.04545454546,0.004644034653721736,0.42260715348867794,109.03264560007891,True,True,True,Operator-route shares from March 2026 SITP zonal validation profiles.
PZ001,Las Mercedes,ESTE ES MI BUS,ESTE ES MI BUS S.A.S.,SUBA CENTRO I,SUBA CENTRO I,ALIMENTACIÓN,zone_name_to_las_mercedes,high,10687,FA427,3398.409090909091,100931.04545454546,0.03367060229688766,3.064024809016777,790.5184007263285,True,True,True,Operator-route shares from March 2026 SITP zonal validation profiles.
PZ001,Las Mercedes,ESTE ES MI BUS,ESTE ES MI BUS S.A.S.,SUBA CENTRO I,SUBA CENTRO I,ALIMENTACIÓN,zone_name_to_las_mercedes,high,10715,CD122,1175.8181818181818,100931.04545454546,0.011649717651519962,1.0601243062883166,273.51207102238567,True,True,True,Operator-route shares from March 2026 SITP zonal validation profiles.
PZ041,Usme,E SOMOS ALIMENTACION,E-SOMOS ALIMENTACIÓN S.A.S,USME I,USME I,ALIMENTACIÓN,zone_name_to_usme,high,10148,3-2 SANTA LIBRADA,249.5,1469.5,0.1697856413746172,22.58149030282409,5707.3867812181015,False,False,False,Operator-route shares from March 2026 SITP zonal validation profiles.
PZ041,Usme,E SOMOS ALIMENTACION,E-SOMOS ALIMENTACIÓN S.A.S,USME I,USME I,ALIMENTACIÓN,zone_name_to_usme,high,10149,3-3 CHUNIZA,174.4090909090909,1469.5,0.11868600946518605,15.785239258869744,3989.6598796745952,False,False,False,Operator-route shares from March 2026 SITP zonal validation profiles.
PZ041,Usme,E SOMOS ALIMENTACION,E-SOMOS ALIMENTACIÓN S.A.S,USME I,USME I,ALIMENTACIÓN,zone_name_to_usme,high,10150,3-11 LA FISCALA,61.04545454545455,1469.5,0.04154164991184386,5.525039438275233,1396.4329471991093,False,False,False,Operator-route shares from March 2026 SITP zonal validation profiles.
PZ041,Usme,E SOMOS ALIMENTACION,E-SOMOS ALIMENTACIÓN S.A.S,USME I,USME I,ALIMENTACIÓN,zone_name_to_usme,high,10151,3-4 ALFONSO LOPEZ,79.72727272727272,1469.5,0.05425469392805221,7.215874292430944,1823.785100064957,False,False,False,Operator-route shares from March 2026 SITP zonal validation profiles.
PZ041,Usme,E SOMOS ALIMENTACION,E-SOMOS ALIMENTACIÓN S.A.S,USME I,USME I,ALIMENTACIÓN,zone_name_to_usme,high,10152,3-5 USMINIA,88.0909090909091,1469.5,0.0599461783538,7.9728417210554,2015.1057719075754,False,False,False,Operator-route shares from March 2026 SITP zonal validation profiles.
PZ041,Usme,E SOMOS ALIMENTACION,E-SOMOS ALIMENTACIÓN S.A.S,USME I,USME I,ALIMENTACIÓN,zone_name_to_usme,high,10154,3-10 USME CENTRO,128.8181818181818,1469.5,0.0876612329487457,11.658943982183178,2946.7542608803237,False,False,False,Operator-route shares from March 2026 SITP zonal validation profiles.
PZ041,Usme,E SOMOS ALIMENTACION,E-SOMOS ALIMENTACIÓN S.A.S,USME I,USME I,ALIMENTACIÓN,zone_name_to_usme,high,10155,3-8 VIRREY,153.04545454545453,1469.5,0.10414797859506944,13.851681153144236,3500.960337467908,False,False,False,Operator-route shares from March 2026 SITP zonal validation profiles.
PZ041,Usme,E SOMOS ALIMENTACION,E-SOMOS ALIMENTACIÓN S.A.S,USME I,USME I,ALIMENTACIÓN,zone_name_to_usme,high,10157,3-12 LA ESPERANZA SUR,57.63636363636364,1469.5,0.03922175136874014,5.2164929320424385,1318.448977698042,False,False,False,Operator-route shares from March 2026 SITP zonal validation profiles.
PZ041,Usme,E SOMOS ALIMENTACION,E-SOMOS ALIMENTACIÓN S.A.S,USME I,USME I,ALIMENTACIÓN,zone_name_to_usme,high,10158,3-14 EL UVAL,54.90909090909091,1469.5,0.03736583253425717,4.969655727056203,1256.0618020971883,False,False,False,Operator-route shares from March 2026 SITP zonal validation profiles.
PZ041,Usme,E SOMOS ALIMENTACION,E-SOMOS ALIMENTACIÓN S.A.S,USME I,USME I,ALIMENTACIÓN,zone_name_to_usme,high,10159,4-1 BOCHICA,25.59090909090909,1469.5,0.017414705063565218,2.3161557734541742,585.3996643880107,False,False,False,Operator-route shares from March 2026 SITP zonal validation profiles.
PZ041,Usme,E SOMOS ALIMENTACION,E-SOMOS ALIMENTACIÓN S.A.S,USME I,USME I,ALIMENTACIÓN,zone_name_to_usme,high,10160,3-9_MARICHUELA,130.8181818181818,1469.5,0.08902224009403321,11.839957932506417,2992.50485632095,False,False,False,Operator-route shares from March 2026 SITP zonal validation profiles.
PZ041,Usme,E SOMOS ALIMENTACION,E-SOMOS ALIMENTACIÓN S.A.S,USME I,USME I,ALIMENTACIÓN,zone_name_to_usme,high,10161,4-2 DIANA TURBAY,20.772727272727273,1469.5,0.014135915122645304,1.8800767113118255,475.1823208265026,False,False,False,Operator-route shares from March 2026 SITP zonal validation profiles.
PZ041,Usme,E SOMOS ALIMENTACION,E-SOMOS ALIMENTACIÓN S.A.S,USME I,USME I,ALIMENTACIÓN,zone_name_to_usme,high,10163,4-3 MOLINOS,11.863636363636363,1469.5,0.008073246930000928,1.0737418416901234,271.3842138637137,False,False,False,Operator-route shares from March 2026 SITP zonal validation profiles.
PZ041,Usme,E SOMOS ALIMENTACION,E-SOMOS ALIMENTACIÓN S.A.S,USME I,USME I,ALIMENTACIÓN,zone_name_to_usme,high,10166,3-13 NEBRASKA,21.545454545454547,1469.5,0.01466175879241548,1.9500139193912587,492.8586872467444,False,False,False,Operator-route shares from March 2026 SITP zonal validation profiles.
PZ041,Usme,E SOMOS ALIMENTACION,E-SOMOS ALIMENTACIÓN S.A.S,USME I,USME I,ALIMENTACIÓN,zone_name_to_usme,high,10168,7-1 URIBE URIBE,69.0909090909091,1469.5,0.04701661047356862,6.2532091929846265,1580.4751152216277,False,False,False,Operator-route shares from March 2026 SITP zonal validation profiles.
PZ041,Usme,E SOMOS ALIMENTACION,E-SOMOS ALIMENTACIÓN S.A.S,USME I,USME I,ALIMENTACIÓN,zone_name_to_usme,high,10598,HH728 DANUBIO,68.86363636363636,1469.5,0.04686195057069504,6.23263942590244,1575.2761839215564,False,False,False,Operator-route shares from March 2026 SITP zonal validation profiles.
PZ041,Usme,E SOMOS ALIMENTACION,E-SOMOS ALIMENTACIÓN S.A.S,USME I,USME I,ALIMENTACIÓN,zone_name_to_usme,high,10622,HH729 LA AURORA,8.454545454545455,1469.5,0.005753348386897213,0.7651953354573293,193.40024436264653,False,False,False,Operator-route shares from March 2026 SITP zonal validation profiles.
PZ041,Usme,E SOMOS ALIMENTACION,E-SOMOS ALIMENTACIÓN S.A.S,USME I,USME I,ALIMENTACIÓN,zone_name_to_usme,high,10657,HH735,65.31818181818181,1469.5,0.044449256085867174,5.911751059420334,1494.1728556404464,True,True,True,Operator-route shares from March 2026 SITP zonal validation profiles.
PZ050,Usme II,MUEVE USME,Mueve Usme S.A.S.,Usme II,USME II,Zonal,zone_name_to_usme_ii,high,10091,HL723,4300.863636363636,61143.681818181816,0.070340278970324,16.107923884204194,3281.6905452209808,False,True,True,Operator-route shares from March 2026 SITP zonal validation profiles.
PZ050,Usme II,MUEVE USME,Mueve Usme S.A.S.,Usme II,USME II,Zonal,zone_name_to_usme_ii,high,10094,HH719,62.27272727272727,61143.681818181816,0.0010184654476304324,0.23322858750736902,47.51599622647401,False,True,True,Operator-route shares from March 2026 SITP zonal validation profiles.
PZ050,Usme II,MUEVE USME,Mueve Usme S.A.S.,Usme II,USME II,Zonal,zone_name_to_usme_ii,high,10100,HA720,9317.227272727272,61143.681818181816,0.1523825029122908,34.895593166914594,7109.329482121471,False,True,True,Operator-route shares from March 2026 SITP zonal validation profiles.
PZ050,Usme II,MUEVE USME,Mueve Usme S.A.S.,Usme II,USME II,Zonal,zone_name_to_usme_ii,high,10112,HF718,8880.045454545454,61143.681818181816,0.14523242942666342,33.258226338705924,6775.746378686269,False,False,False,Operator-route shares from March 2026 SITP zonal validation profiles.
PZ050,Usme II,MUEVE USME,Mueve Usme S.A.S.,Usme II,USME II,Zonal,zone_name_to_usme_ii,high,10118,HK724,8043.636363636364,61143.681818181816,0.1315530259946579,30.12564295277666,6137.540651267767,False,False,False,Operator-route shares from March 2026 SITP zonal validation profiles.
PZ050,Usme II,MUEVE USME,Mueve Usme S.A.S.,Usme II,USME II,Zonal,zone_name_to_usme_ii,high,10119,HK721,7508.772727272727,61143.681818181816,0.12280537422657957,28.12243069788672,5729.423331853956,False,False,False,Operator-route shares from March 2026 SITP zonal validation profiles.
PZ050,Usme II,MUEVE USME,Mueve Usme S.A.S.,Usme II,USME II,Zonal,zone_name_to_usme_ii,high,10120,HA725,7063.0,61143.681818181816,0.11551479711350537,26.45288853899273,5389.285101932037,False,True,True,Operator-route shares from March 2026 SITP zonal validation profiles.
PZ050,Usme II,MUEVE USME,Mueve Usme S.A.S.,Usme II,USME II,Zonal,zone_name_to_usme_ii,high,10131,HH726,5015.0,61143.681818181816,0.08201992177888,18.78256208736352,3826.598440632757,False,True,True,Operator-route shares from March 2026 SITP zonal validation profiles.
PZ050,Usme II,MUEVE USME,Mueve Usme S.A.S.,Usme II,USME II,Zonal,zone_name_to_usme_ii,high,10146,HD717,8319.681818181818,61143.681818181816,0.13606772720886198,31.159509530829393,6348.171779065851,False,True,True,Operator-route shares from March 2026 SITP zonal validation profiles.
PZ050,Usme II,MUEVE USME,Mueve Usme S.A.S.,Usme II,USME II,Zonal,zone_name_to_usme_ii,high,10645,BD995,1348.1363636363635,61143.681818181816,0.02204866183304452,5.049143559767195,1028.6692934897756,False,True,True,Operator-route shares from March 2026 SITP zonal validation profiles.
PZ050,Usme II,MUEVE USME,Mueve Usme S.A.S.,Usme II,USME II,Zonal,zone_name_to_usme_ii,high,10709,HH737,1285.0454545454545,61143.681818181816,0.02101681508756201,4.8128506550517,980.5289995026618,False,True,True,Operator-route shares from March 2026 SITP zonal validation profiles.
